Date,T,Po,P,Pa,U,DD,Ff,ff10,ff3,N,WW,W1,W2,Tn,Tx,Cl,Nh,H,Cm,Ch,VV,Td,RRR,tR,E,Tg,E',sss
27.04.2022 14:00,3.0,674.2,766.4,-0.9,84,从东北偏东方向吹来的风,2,,10,,雨或毛毛雨夹雪较弱 ,雨,小雨,0.7,,,,2500或更高，或无云。,,,21.0,0.6,4,12,,,,
27.04.2022 11:00,2.0,675.1,767.6,0.1,90,从东方吹来的风,2,,11,,雨或毛毛雨夹雪较弱 ,在整个相应周期内云遮住了一半或以下的天空,在整个相应周期内云遮住了一半或以下的天空,0.7,15.3,,,2500或更高，或无云。,,,13.0,0.5,3,12,,,,
27.04.2022 08:00,3.1,675.0,766.9,0.9,78,从东方吹来的风,3,,11,,小雨夹雪或小冰粒 ,在整个相应周期内云遮住了一半或以下的天空,在整个相应周期内云遮住了一半或以下的天空,1.8,15.3,,,2500或更高，或无云。,,,29.0,-0.4,0.4,12,,,,
27.04.2022 05:00,4.8,674.1,764.8,0.6,61,从东方吹来的风,4,,11,,间歇性雨，不冻，在观测时较弱 ,,,4.8,15.3,,,2500或更高，或无云。,,,14.0,-2.1,无降水,12,,,,
27.04.2022 02:00,7.1,673.5,763.7,,15,从东北偏东方向吹来的风,6,,12,,云量发展情况没有进行观测或无法观测。 ,在整个相应周期内云遮住了一半或以下的天空,在整个相应周期内云遮住了一半或以下的天空,5.0,15.3,,,2500或更高，或无云。,,,30.0,-17.8,,,,,,
26.04.2022 20:00,9.8,672.7,763.6,1.1,10,从东北方吹来的风,2,,13,,云量发展情况没有进行观测或无法观测。 ,在整个相应周期内云遮住了一半或以下的天空,在整个相应周期内云遮住了一半或以下的天空,5.0,20.5,,,2500或更高，或无云。,,,30.0,-20.4,,,,,,
26.04.2022 17:00,14.6,671.6,761.8,-0.8,7,从北方吹来的风,5,,13,,云量发展情况没有进行观测或无法观测。 ,在整个相应周期内云遮住了一半或以下的天空,在整个相应周期内云遮住了一半或以下的天空,5.0,,,,2500或更高，或无云。,,,30.0,-20.9,,,,,,
26.04.2022 14:00,14.3,672.4,762.0,-1.1,9,从北方吹来的风,6,,17,,云量发展情况没有进行观测或无法观测。 ,在整个相应周期内云遮住了一半或以下的天空,在整个相应周期内云遮住了一半或以下的天空,5.0,,,,2500或更高，或无云。,,,30.0,-18.2,24,12,,,,
26.04.2022 11:00,11.3,673.5,763.0,0.6,12,从西北偏北方向吹来的风,7,,17,,云量发展情况没有进行观测或无法观测。 ,在整个相应周期内云遮住了一半或以下的天空,在整个相应周期内云遮住了一半或以下的天空,5.0,,,,2500或更高，或无云。,,,30.0,-17.1,无降水,12,,,,
26.04.2022 08:00,7.4,672.9,761.9,1.4,15,从西北偏北方向吹来的风,6,,17,,云量发展情况没有进行观测或无法观测。 ,在整个相应周期内云遮住了一半或以下的天空,在整个相应周期内云遮住了一半或以下的天空,5.0,,,,2500或更高，或无云。,,,19.0,-17.6,无降水,12,,,,
26.04.2022 05:00,5.5,671.5,759.3,1.9,18,从西北偏北方向吹来的风,4,,17,,云量发展情况没有进行观测或无法观测。 ,,,3.4,30.2,,,2500或更高，或无云。,,,10.0,-17.0,无降水,12,,,,
26.04.2022 02:00,9.8,669.6,756.4,,22,从西北偏北方向吹来的风,9,,17,,云量发展情况没有进行观测或无法观测。 ,在整个相应周期内云遮住了一半或以下的天空,在整个相应周期内云遮住了一半或以下的天空,,30.2,,,2500或更高，或无云。,,,13.0,-10.9,无降水,12,,,,
25.04.2022 20:00,20.6,664.0,750.3,1.8,20,从北方吹来的风,9,,16,,霾 ,在整个相应周期内云遮住了一半或以下的天空,在整个相应周期内云遮住了一半或以下的天空,,30.2,,,2500或更高，或无云。,,,5.0,-3.1,无降水,12,,,,
25.04.2022 17:00,29.1,662.2,748.9,-1.2,8,从西方吹来的风,6,,12,,云量发展情况没有进行观测或无法观测。 ,在整个相应周期内云遮住了一半或以下的天空,在整个相应周期内云遮住了一半或以下的天空,,30.2,,,2500或更高，或无云。,,,25.0,-8.5,无降水,12,,,,
25.04.2022 14:00,29.5,663.4,749.7,-2.1,7,从西方吹来的风,6,,10,,云量发展情况没有进行观测或无法观测。 ,在整个相应周期内云遮住了一半或以下的天空,在整个相应周期内云遮住了一半或以下的天空,3.4,30.0,,,2500或更高，或无云。,,,26.0,-9.9,无降水,12,,,,
25.04.2022 11:00,25.0,665.5,752.8,-1.0,12,从西南偏南方向吹来的风,4,,8,,云量发展情况没有进行观测或无法观测。 ,在整个相应周期内云遮住了一半或以下的天空,在整个相应周期内云遮住了一半或以下的天空,3.4,27.7,,,2500或更高，或无云。,,,15.0,-6.4,无降水,12,,,,
25.04.2022 08:00,17.1,666.5,752.9,0.1,21,从东南方吹来的风,1,,4,,云量发展情况没有进行观测或无法观测。 ,在整个相应周期内云遮住了一半或以下的天空,在整个相应周期内云遮住了一半或以下的天空,3.4,27.7,,,2500或更高，或无云。,,,11.0,-5.4,无降水,12,,,,
25.04.2022 05:00,4.4,666.4,754.0,0.4,52,从西北方吹来的风,1,,9,,云量发展情况没有进行观测或无法观测。 ,,,3.7,27.7,,,2500或更高，或无云。,,,14.0,-4.6,无降水,12,,,,
25.04.2022 02:00,8.4,666.0,753.0,,37,从西方吹来的风,1,,14,,云量发展情况没有进行观测或无法观测。 ,在整个相应周期内云遮住了一半或以下的天空,在整个相应周期内云遮住了一半或以下的天空,6.2,27.7,,,2500或更高，或无云。,,,14.0,-5.4,无降水,12,,,,
24.04.2022 20:00,22.3,665.5,752.2,1.0,13,从西方吹来的风,3,,14,,云量发展情况没有进行观测或无法观测。 ,在整个相应周期内云遮住了一半或以下的天空,在整个相应周期内云遮住了一半或以下的天空,,27.7,,,2500或更高，或无云。,,,21.0,-7.4,无降水,12,,,,
24.04.2022 17:00,26.8,664.5,751.6,-0.8,8,从西方吹来的风,5,,14,,云量发展情况没有进行观测或无法观测。 ,在整个相应周期内云遮住了一半或以下的天空,在整个相应周期内云遮住了一半或以下的天空,6.2,27.7,,,2500或更高，或无云。,,,23.0,-10.2,无降水,12,,,,
24.04.2022 14:00,26.7,665.3,751.5,-1.7,9,从西方吹来的风,6,,12,,云量发展情况没有进行观测或无法观测。 ,在整个相应周期内云遮住了一半或以下的天空,在整个相应周期内云遮住了一半或以下的天空,6.2,28.8,,,2500或更高，或无云。,,,16.0,-8.8,无降水,12,,,,
24.04.2022 11:00,21.7,667.0,753.5,-0.1,15,从西南方吹来的风,3,,8,,云量发展情况没有进行观测或无法观测。 ,在整个相应周期内云遮住了一半或以下的天空,在整个相应周期内云遮住了一半或以下的天空,6.2,28.8,,,2500或更高，或无云。,,,13.0,-6.0,无降水,12,,,,
24.04.2022 08:00,14.7,667.1,754.3,0.5,27,从西北偏西方向吹来的风,2,,6,,云量发展情况没有进行观测或无法观测。 ,在整个相应周期内云遮住了一半或以下的天空,在整个相应周期内云遮住了一半或以下的天空,6.2,,,,2500或更高，或无云。,,,14.0,-4.1,无降水,12,,,,
24.04.2022 05:00,6.4,666.6,753.9,0.3,41,从北方吹来的风,1,,14,,云量发展情况没有进行观测或无法观测。 ,,,6.4,28.8,,,2500或更高，或无云。,,,13.0,-5.9,无降水,12,,,,
24.04.2022 02:00,13.3,666.3,752.5,,23,从西北方吹来的风,2,,17,,云量发展情况没有进行观测或无法观测。 ,在整个相应周期内云遮住了一半或以下的天空,在整个相应周期内云遮住了一半或以下的天空,,28.8,,,2500或更高，或无云。,,,15.0,-7.4,无降水,12,,,,
23.04.2022 20:00,20.0,663.7,750.3,1.3,12,从西北偏西方向吹来的风,1,,17,,云量发展情况没有进行观测或无法观测。 ,在整个相应周期内云遮住了一半或以下的天空,在整个相应周期内云遮住了一半或以下的天空,,28.8,,,2500或更高，或无云。,,,14.0,-10.3,无降水,12,,,,
23.04.2022 17:00,27.5,662.4,748.5,-1.0,7,从西方吹来的风,8,,17,,云量发展情况没有进行观测或无法观测。 ,在整个相应周期内云遮住了一半或以下的天空,在整个相应周期内云遮住了一半或以下的天空,,28.8,,,2500或更高，或无云。,,,18.0,-11.4,无降水,12,,,,
23.04.2022 14:00,27.4,663.4,751.0,-1.8,9,从西方吹来的风,8,,16,,云量发展情况没有进行观测或无法观测。 ,在整个相应周期内云遮住了一半或以下的天空,在整个相应周期内云遮住了一半或以下的天空,,27.8,,,2500或更高，或无云。,,,16.0,-8.2,无降水,12,,,,
23.04.2022 11:00,24.2,665.2,751.6,-1.0,13,从西方吹来的风,6,,11,,云量发展情况没有进行观测或无法观测。 ,在整个相应周期内云遮住了一半或以下的天空,在整个相应周期内云遮住了一半或以下的天空,0.9,24.3,,,2500或更高，或无云。,,,15.0,-5.9,无降水,12,,,,
23.04.2022 08:00,15.7,666.2,754.0,0.1,23,从西方吹来的风,2,,8,,云量发展情况没有进行观测或无法观测。 ,在整个相应周期内云遮住了一半或以下的天空,在整个相应周期内云遮住了一半或以下的天空,0.9,21.7,,,2500或更高，或无云。,,,20.0,-5.4,无降水,12,,,,
23.04.2022 05:00,10.5,666.1,753.7,-0.4,26,从西南偏西方向吹来的风,3,,11,,云量发展情况没有进行观测或无法观测。 ,,,-2.3,21.7,,,2500或更高，或无云。,,,20.0,-8.2,无降水,12,,,,
23.04.2022 02:00,1.9,666.5,755.5,,49,从西方吹来的风,1,,15,,云量发展情况没有进行观测或无法观测。 ,在整个相应周期内云遮住了一半或以下的天空,在整个相应周期内云遮住了一半或以下的天空,,21.7,,,2500或更高，或无云。,,,18.0,-7.9,无降水,12,,,,
22.04.2022 20:00,14.9,667.0,756.4,,15,从西北偏西方向吹来的风,1,,15,,云量发展情况没有进行观测或无法观测。 ,在整个相应周期内云遮住了一半或以下的天空,在整个相应周期内云遮住了一半或以下的天空,,21.7,,,2500或更高，或无云。,,,30.0,-11.5,无降水,12,,,,
22.04.2022 17:00,20.9,667.0,756.8,,10,从西北偏西方向吹来的风,6,,15,, ,,,-2.3,21.7,,,,,,30.0,-11.8,无降水,6,,,,
22.04.2022 14:00,21.1,668.2,757.3,-2.9,12,从西方吹来的风,6,,12,,云量发展情况没有进行观测或无法观测。 ,在整个相应周期内云遮住了一半或以下的天空,在整个相应周期内云遮住了一半或以下的天空,-2.3,21.1,,,2500或更高，或无云。,,,28.0,-9.4,无降水,12,,,,
22.04.2022 11:00,12.1,671.1,761.6,-0.7,29,从西南方吹来的风,4,,8,,云量发展情况没有进行观测或无法观测。 ,在整个相应周期内云遮住了一半或以下的天空,在整个相应周期内云遮住了一半或以下的天空,-2.3,,,,2500或更高，或无云。,,,30.0,-5.4,无降水,12,,,,
22.04.2022 08:00,6.0,671.8,762.9,0.6,49,从西方吹来的风,2,,16,,云量发展情况没有进行观测或无法观测。 ,在整个相应周期内云遮住了一半或以下的天空,在整个相应周期内云遮住了一半或以下的天空,-2.3,,,,2500或更高，或无云。,,,30.0,-3.9,无降水,12,,,,
22.04.2022 05:00,-2.1,671.2,761.9,-0.1,76,从西北方吹来的风,1,,17,,云量发展情况没有进行观测或无法观测。 ,,,-2.1,20.5,,,2500或更高，或无云。,,,30.0,-5.8,无降水,12,,,,
22.04.2022 02:00,3.0,671.3,761.1,,60,从西北方吹来的风,4,,17,,云量发展情况没有进行观测或无法观测。 ,在整个相应周期内云遮住了一半或以下的天空,在整个相应周期内云遮住了一半或以下的天空,3.0,20.5,,,2500或更高，或无云。,,,30.0,-4.2,无降水,12,,,,
21.04.2022 20:00,9.4,667.6,756.3,4.0,42,从西北偏北方向吹来的风,9,,17,,云量发展情况没有进行观测或无法观测。 ,在整个相应周期内云遮住了一半或以下的天空,在整个相应周期内云遮住了一半或以下的天空,9.4,20.5,,,2500或更高，或无云。,,,26.0,-2.9,无降水,12,,,,
21.04.2022 17:00,18.7,663.6,750.2,0.4,20,从西北偏西方向吹来的风,7,,15,,云量发展情况没有进行观测或无法观测。 ,在整个相应周期内云遮住了一半或以下的天空,在整个相应周期内云遮住了一半或以下的天空,15.0,23.0,,,2500或更高，或无云。,,,9.0,-4.7,无降水,12,,,,
21.04.2022 14:00,19.5,663.2,749.7,-0.1,15,从西北偏西方向吹来的风,7,,15,,云量发展情况没有进行观测或无法观测。 ,在整个相应周期内云遮住了一半或以下的天空,在整个相应周期内云遮住了一半或以下的天空,15.0,23.8,,,2500或更高，或无云。,,,14.0,-7.8,无降水,12,,,,
21.04.2022 11:00,19.1,663.3,749.8,1.0,17,从西北偏西方向吹来的风,6,,,,云量发展情况没有进行观测或无法观测。 ,在整个相应周期内云遮住了一半或以下的天空,在整个相应周期内云遮住了一半或以下的天空,15.0,23.8,,,2500或更高，或无云。,,,10.0,-6.5,无降水,12,,,,
21.04.2022 08:00,16.4,662.3,748.6,1.4,22,从西方吹来的风,5,,9,,霾 ,在整个相应周期内云遮住了一半或以下的天空,在整个相应周期内云遮住了一半或以下的天空,9.7,23.8,,,2500或更高，或无云。,,,1.9,-5.4,无降水,12,,,,
21.04.2022 05:00,16.8,660.9,746.5,0.3,15,从西方吹来的风,4,,11,,霾 ,,,,23.8,,,2500或更高，或无云。,,,1.6,-10.0,无降水,12,,,,
21.04.2022 02:00,16.5,660.6,746.3,,20,从西南偏西方向吹来的风,4,,,,云量发展情况没有进行观测或无法观测。 ,在整个相应周期内云遮住了一半或以下的天空,在整个相应周期内云遮住了一半或以下的天空,,23.8,,,2500或更高，或无云。,,,24.0,-6.5,无降水,12,,,,
20.04.2022 20:00,20.2,661.6,748.9,0.3,12,从西南偏西方向吹来的风,4,,13,,云量发展情况没有进行观测或无法观测。 ,在整个相应周期内云遮住了一半或以下的天空,在整个相应周期内云遮住了一半或以下的天空,,23.8,,,2500或更高，或无云。,,,20.0,-10.1,无降水,12,,,,
20.04.2022 17:00,23.0,661.3,750.0,-1.8,10,从西南偏西方向吹来的风,7,,13,,云量发展情况没有进行观测或无法观测。 ,在整个相应周期内云遮住了一半或以下的天空,在整个相应周期内云遮住了一半或以下的天空,,23.8,,,2500或更高，或无云。,,,24.0,-10.2,无降水,12,,,,
20.04.2022 14:00,22.3,663.1,751.9,,12,从西南偏南方向吹来的风,6,,13,,云量发展情况没有进行观测或无法观测。 ,在整个相应周期内云遮住了一半或以下的天空,在整个相应周期内云遮住了一半或以下的天空,-2.3,,,,2500或更高，或无云。,,,21.0,-8.5,无降水,12,,,,
20.04.2022 08:00,9.6,667.3,756.3,-0.2,34,从东北偏东方向吹来的风,1,,3,,云量发展情况没有进行观测或无法观测。 ,在整个相应周期内云遮住了一半或以下的天空,在整个相应周期内云遮住了一半或以下的天空,-2.3,,,,2500或更高，或无云。,,,9.0,-5.5,无降水,12,,,,
20.04.2022 05:00,-2.1,667.5,757.5,-1.4,62,从北方吹来的风,1,,10,,云量发展情况没有进行观测或无法观测。 ,,,-2.3,21.0,,,2500或更高，或无云。,,,14.0,-8.4,无降水,12,,,,
20.04.2022 02:00,-0.1,668.9,758.8,,54,从西北方吹来的风,1,,11,,云量发展情况没有进行观测或无法观测。 ,在整个相应周期内云遮住了一半或以下的天空,在整个相应周期内云遮住了一半或以下的天空,-0.3,21.0,,,2500或更高，或无云。,,,10.0,-8.3,无降水,12,,,,
19.04.2022 20:00,14.3,669.9,759.4,-0.1,20,从西北偏西方向吹来的风,2,,11,,云量发展情况没有进行观测或无法观测。 ,在整个相应周期内云遮住了一半或以下的天空,在整个相应周期内云遮住了一半或以下的天空,,21.0,,,2500或更高，或无云。,,,30.0,-8.4,无降水,12,,,,
19.04.2022 17:00,20.2,670.0,759.1,-1.6,13,从西北偏西方向吹来的风,5,,11,,云量发展情况没有进行观测或无法观测。 ,在整个相应周期内云遮住了一半或以下的天空,在整个相应周期内云遮住了一半或以下的天空,0.7,21.0,,,2500或更高，或无云。,,,30.0,-9.1,无降水,12,,,,
19.04.2022 14:00,20.2,671.6,761.4,-2.4,13,从西方吹来的风,4,,10,,云量发展情况没有进行观测或无法观测。 ,在整个相应周期内云遮住了一半或以下的天空,在整个相应周期内云遮住了一半或以下的天空,0.7,20.3,,,2500或更高，或无云。,,,30.0,-9.1,无降水,12,,,,
19.04.2022 11:00,16.5,674.0,764.2,-1.1,22,从西南偏西方向吹来的风,3,,8,,云量发展情况没有进行观测或无法观测。 ,在整个相应周期内云遮住了一半或以下的天空,在整个相应周期内云遮住了一半或以下的天空,0.7,18.5,,,2500或更高，或无云。,,,23.0,-5.3,无降水,12,,,,
19.04.2022 08:00,8.9,675.1,765.9,,37,从西北偏西方向吹来的风,1,,6,, ,,,0.7,18.5,,,,,,22.0,-5.0,无降水,6,,,,
19.04.2022 05:00,5.0,674.8,764.9,-0.1,40,从西方吹来的风,3,,9,,云量发展情况没有进行观测或无法观测。 ,,,0.7,18.5,,,2500或更高，或无云。,,,30.0,-7.5,无降水,12,,,,
19.04.2022 02:00,2.3,674.9,765.7,,47,从北方吹来的风,0,,11,,云量发展情况没有进行观测或无法观测。 ,在整个相应周期内云遮住了一半或以下的天空,在整个相应周期内云遮住了一半或以下的天空,0.9,18.5,,,2500或更高，或无云。,,,22.0,-8.1,无降水,12,,,,
18.04.2022 20:00,10.9,674.5,765.4,0.7,23,从西北偏北方向吹来的风,2,,11,,云量发展情况没有进行观测或无法观测。 ,在整个相应周期内云遮住了一半或以下的天空,在整个相应周期内云遮住了一半或以下的天空,5.6,18.5,,,2500或更高，或无云。,,,30.0,-9.4,无降水,12,,,,
18.04.2022 17:00,17.9,673.8,763.6,-0.6,13,从西北偏北方向吹来的风,5,,11,,云量发展情况没有进行观测或无法观测。 ,在整个相应周期内云遮住了一半或以下的天空,在整个相应周期内云遮住了一半或以下的天空,5.6,18.5,,,2500或更高，或无云。,,,30.0,-10.9,无降水,12,,,,
18.04.2022 14:00,17.2,674.4,764.2,-1.0,18,从西南偏南方向吹来的风,3,,6,,云量发展情况没有进行观测或无法观测。 ,在整个相应周期内云遮住了一半或以下的天空,在整个相应周期内云遮住了一半或以下的天空,5.6,17.3,,,2500或更高，或无云。,,,30.0,-7.3,无降水,12,,,,
18.04.2022 11:00,14.3,675.4,765.9,0.6,33,从西南偏南方向吹来的风,2,,6,,云量发展情况没有进行观测或无法观测。 ,在整个相应周期内云遮住了一半或以下的天空,在整个相应周期内云遮住了一半或以下的天空,5.6,15.3,,,2500或更高，或无云。,,,26.0,-1.7,无降水,12,,,,
18.04.2022 08:00,7.6,674.8,766.4,1.3,76,从西北方吹来的风,2,,6,,云量发展情况没有进行观测或无法观测。 ,在整个相应周期内云遮住了一半或以下的天空,在整个相应周期内云遮住了一半或以下的天空,5.6,,,,2500或更高，或无云。,,,8.0,3.5,无降水,12,,,,
18.04.2022 05:00,6.4,673.5,763.9,0.2,83,从西北偏北方向吹来的风,2,,14,,薄雾 ,,,1.1,15.3,,,2500或更高，或无云。,,,7.0,3.7,0.6,12,,,,
18.04.2022 02:00,7.1,673.3,763.5,,77,从西北偏西方向吹来的风,3,,,,云量发展情况没有进行观测或无法观测。 ,在整个相应周期内云遮住了一半或以下的天空,在整个相应周期内云遮住了一半或以下的天空,-0.5,15.3,,,2500或更高，或无云。,,,14.0,3.3,0.6,12,,,,
17.04.2022 20:00,7.1,672.8,764.2,1.6,83,从北方吹来的风,4,,14,,小雨（不冻） ,小雨,在整个相应周期内云遮住了一半或以下的天空,-0.5,15.3,,,2500或更高，或无云。,,,9.0,4.4,0.6,12,,,,
17.04.2022 17:00,14.0,671.2,762.2,-1.1,28,从西南方吹来的风,3,,9,,云量发展情况没有进行观测或无法观测。 ,在整个相应周期内云遮住了一半或以下的天空,在整个相应周期内云遮住了一半或以下的天空,-0.5,17.0,,,2500或更高，或无云。,,,21.0,-4.2,无降水,12,,,,
17.04.2022 14:00,14.5,672.3,763.6,-0.8,25,从南方吹来的风,3,,,,云量发展情况没有进行观测或无法观测。 ,在整个相应周期内云遮住了一半或以下的天空,在整个相应周期内云遮住了一半或以下的天空,-0.5,17.9,,,2500或更高，或无云。,,,19.0,-5.3,无降水,12,,,,
17.04.2022 11:00,13.9,673.1,764.3,-0.3,22,从西北偏西方向吹来的风,2,,4,,云量发展情况没有进行观测或无法观测。 ,在整个相应周期内云遮住了一半或以下的天空,在整个相应周期内云遮住了一半或以下的天空,-0.5,17.9,,,2500或更高，或无云。,,,18.0,-7.5,无降水,12,,,,
17.04.2022 08:00,7.1,673.4,764.5,0.7,30,从北方吹来的风,1,,3,,云量发展情况没有进行观测或无法观测。 ,在整个相应周期内云遮住了一半或以下的天空,在整个相应周期内云遮住了一半或以下的天空,-0.5,17.9,,,2500或更高，或无云。,,,8.0,-9.3,无降水,12,,,,
17.04.2022 05:00,1.2,672.7,763.3,0.0,47,从东北偏北方向吹来的风,1,,5,,云量发展情况没有进行观测或无法观测。 ,,,-7.3,17.9,,,2500或更高，或无云。,,,12.0,-9.1,无降水,12,,,,
17.04.2022 02:00,-0.5,672.7,763.8,,51,从东南偏东方向吹来的风,1,,7,,霾 ,在整个相应周期内云遮住了一半或以下的天空,在整个相应周期内云遮住了一半或以下的天空,,17.9,,,2500或更高，或无云。,,,5.0,-9.6,无降水,12,,,,
16.04.2022 20:00,9.5,672.5,763.8,0.3,20,从西南方吹来的风,1,,7,,云量发展情况没有进行观测或无法观测。 ,在整个相应周期内云遮住了一半或以下的天空,在整个相应周期内云遮住了一半或以下的天空,,17.9,,,2500或更高，或无云。,,,10.0,-12.3,无降水,12,,,,
16.04.2022 17:00,17.0,672.2,763.6,-2.1,10,从西南方吹来的风,3,,7,,云量发展情况没有进行观测或无法观测。 ,在整个相应周期内云遮住了一半或以下的天空,在整个相应周期内云遮住了一半或以下的天空,,17.9,,,2500或更高，或无云。,,,25.0,-14.8,无降水,12,,,,
16.04.2022 14:00,16.5,674.3,766.0,-2.3,10,从西南方吹来的风,3,,7,,云量发展情况没有进行观测或无法观测。 ,在整个相应周期内云遮住了一半或以下的天空,在整个相应周期内云遮住了一半或以下的天空,-7.3,17.0,,,2500或更高，或无云。,,,28.0,-15.2,无降水,12,,,,
16.04.2022 11:00,11.8,676.6,769.5,-0.8,11,从西南偏南方向吹来的风,2,,7,,云量发展情况没有进行观测或无法观测。 ,在整个相应周期内云遮住了一半或以下的天空,在整个相应周期内云遮住了一半或以下的天空,-7.3,13.7,,,2500或更高，或无云。,,,18.0,-17.7,无降水,12,,,,
16.04.2022 08:00,4.8,677.4,770.5,0.2,23,从西北偏西方向吹来的风,2,,4,,云量发展情况没有进行观测或无法观测。 ,在整个相应周期内云遮住了一半或以下的天空,在整个相应周期内云遮住了一半或以下的天空,-7.3,13.7,,,2500或更高，或无云。,,,30.0,-14.6,无降水,12,,,,
16.04.2022 05:00,-3.5,677.2,769.9,-0.6,32,从西北方吹来的风,1,,6,,云量发展情况没有进行观测或无法观测。 ,,,-4.6,13.7,,,2500或更高，或无云。,,,24.0,-17.8,无降水,12,,,,
16.04.2022 02:00,-3.4,677.8,770.8,,35,从北方吹来的风,2,,7,,云量发展情况没有进行观测或无法观测。 ,在整个相应周期内云遮住了一半或以下的天空,在整个相应周期内云遮住了一半或以下的天空,-4.3,13.7,,,2500或更高，或无云。,,,24.0,-16.7,无降水,12,,,,
15.04.2022 20:00,3.1,677.6,771.0,,25,从东北偏东方向吹来的风,2,,10,, ,,,-3.9,13.7,,,,,,11.0,-15.0,无降水,6,,,,
15.04.2022 17:00,13.3,677.0,769.6,-1.9,10,从东南方吹来的风,2,,10,,云量发展情况没有进行观测或无法观测。 ,在整个相应周期内云遮住了一半或以下的天空,在整个相应周期内云遮住了一半或以下的天空,-3.9,13.7,,,2500或更高，或无云。,,,30.0,-17.7,无降水,12,,,,
15.04.2022 14:00,12.3,678.9,771.1,-2.6,11,从东南偏南方向吹来的风,3,,10,,云量发展情况没有进行观测或无法观测。 ,在整个相应周期内云遮住了一半或以下的天空,在整个相应周期内云遮住了一半或以下的天空,-3.9,13.4,,,2500或更高，或无云。,,,30.0,-17.3,无降水,12,,,,
15.04.2022 11:00,9.4,681.5,774.3,-0.7,11,从东方吹来的风,5,,10,,云量发展情况没有进行观测或无法观测。 ,在整个相应周期内云遮住了一半或以下的天空,在整个相应周期内云遮住了一半或以下的天空,-3.9,13.4,,,2500或更高，或无云。,,,30.0,-19.6,无降水,12,,,,
15.04.2022 08:00,3.2,682.2,775.5,0.6,39,从西北偏西方向吹来的风,1,,9,,云量发展情况没有进行观测或无法观测。 ,在整个相应周期内云遮住了一半或以下的天空,在整个相应周期内云遮住了一半或以下的天空,-3.9,13.4,,,2500或更高，或无云。,,,30.0,-9.7,无降水,12,,,,
15.04.2022 05:00,-2.9,681.6,775.0,0.5,58,从北方吹来的风,2,,11,,云量发展情况没有进行观测或无法观测。 ,,,-3.1,13.4,,,2500或更高，或无云。,,,30.0,-10.0,无降水,12,,,,
15.04.2022 02:00,1.4,681.1,773.5,,50,从东方吹来的风,3,,11,,云量发展情况没有进行观测或无法观测。 ,在整个相应周期内云遮住了一半或以下的天空,在整个相应周期内云遮住了一半或以下的天空,1.4,13.4,,,2500或更高，或无云。,,,30.0,-8.1,无降水,12,,,,
14.04.2022 20:00,7.3,679.0,771.9,2.0,26,从东北偏东方向吹来的风,5,,12,,云量发展情况没有进行观测或无法观测。 ,在整个相应周期内云遮住了一半或以下的天空,在整个相应周期内云遮住了一半或以下的天空,2.4,13.4,,,2500或更高，或无云。,,,30.0,-10.9,无降水,12,,,,
14.04.2022 17:00,12.3,677.0,768.7,-0.1,15,从北方吹来的风,5,,12,,云量发展情况没有进行观测或无法观测。 ,在整个相应周期内云遮住了一半或以下的天空,在整个相应周期内云遮住了一半或以下的天空,2.4,14.1,,,2500或更高，或无云。,,,30.0,-13.6,无降水,12,,,,
14.04.2022 14:00,12.9,677.1,768.4,-0.9,13,从西北偏北方向吹来的风,7,,12,,云量发展情况没有进行观测或无法观测。 ,在整个相应周期内云遮住了一半或以下的天空,在整个相应周期内云遮住了一半或以下的天空,2.4,15.4,,,2500或更高，或无云。,,,29.0,-14.9,无降水,12,,,,
14.04.2022 11:00,9.9,678.0,769.6,,22,从西北偏北方向吹来的风,4,,10,,云量发展情况没有进行观测或无法观测。 ,在整个相应周期内云遮住了一半或以下的天空,在整个相应周期内云遮住了一半或以下的天空,2.4,15.4,,,2500或更高，或无云。,,,30.0,-10.8,无降水,12,,,,
14.04.2022 08:00,3.0,677.5,769.9,,54,从西北偏北方向吹来的风,5,,10,, ,,,2.4,15.4,,,,,,30.0,-5.6,无降水,6,,,,
14.04.2022 05:00,3.4,675.7,766.9,0.3,35,从北方吹来的风,3,,9,,云量发展情况没有进行观测或无法观测。 ,,,0.5,15.4,,,2500或更高，或无云。,,,30.0,-10.6,无降水,12,,,,
14.04.2022 02:00,5.0,675.4,766.4,,30,从北方吹来的风,4,,12,,云量发展情况没有进行观测或无法观测。 ,在整个相应周期内云遮住了一半或以下的天空,在整个相应周期内云遮住了一半或以下的天空,0.5,15.4,,,2500或更高，或无云。,,,30.0,-11.1,无降水,12,,,,
13.04.2022 20:00,8.6,671.8,762.4,1.7,12,从西北方吹来的风,1,,13,,云量发展情况没有进行观测或无法观测。 ,在整个相应周期内云遮住了一半或以下的天空,在整个相应周期内云遮住了一半或以下的天空,0.5,15.4,,,2500或更高，或无云。,,,30.0,-19.2,无降水,12,,,,
13.04.2022 17:00,13.9,670.1,760.9,-0.3,11,从西方吹来的风,2,,,,云量发展情况没有进行观测或无法观测。 ,在整个相应周期内云遮住了一半或以下的天空,在整个相应周期内云遮住了一半或以下的天空,0.5,15.4,,,2500或更高，或无云。,,,30.0,-16.1,无降水,12,,,,
13.04.2022 14:00,13.7,670.4,760.9,-0.8,11,从西方吹来的风,5,,,,云量发展情况没有进行观测或无法观测。 ,在整个相应周期内云遮住了一半或以下的天空,在整个相应周期内云遮住了一半或以下的天空,0.5,14.1,,,2500或更高，或无云。,,,30.0,-16.2,无降水,12,,,,
13.04.2022 11:00,12.6,671.2,761.5,0.4,13,从西方吹来的风,7,,,,云量发展情况没有进行观测或无法观测。 ,在整个相应周期内云遮住了一半或以下的天空,在整个相应周期内云遮住了一半或以下的天空,0.5,14.1,,,2500或更高，或无云。,,,28.0,-15.1,无降水,12,,,,
13.04.2022 08:00,9.5,670.8,761.2,1.1,33,从西南偏西方向吹来的风,4,,5,,云量发展情况没有进行观测或无法观测。 ,在整个相应周期内云遮住了一半或以下的天空,在整个相应周期内云遮住了一半或以下的天空,0.5,14.1,,,2500或更高，或无云。,,,14.0,-6.0,无降水,12,,,,
13.04.2022 05:00,1.8,669.7,760.4,-0.6,66,从东方吹来的风,1,,6,,云量发展情况没有进行观测或无法观测。 ,,,-0.1,14.1,,,2500或更高，或无云。,,,11.0,-3.9,无降水,12,,,,
13.04.2022 02:00,3.4,670.3,761.0,,45,从东方吹来的风,2,,6,,云量发展情况没有进行观测或无法观测。 ,在整个相应周期内云遮住了一半或以下的天空,在整个相应周期内云遮住了一半或以下的天空,-0.1,14.1,,,2500或更高，或无云。,,,30.0,-7.4,无降水,12,,,,
12.04.2022 20:00,8.4,671.3,762.6,-0.1,24,从东方吹来的风,2,,8,,云量发展情况没有进行观测或无法观测。 ,在整个相应周期内云遮住了一半或以下的天空,在整个相应周期内云遮住了一半或以下的天空,-0.1,14.1,,,2500或更高，或无云。,,,17.0,-11.0,无降水,12,,,,
12.04.2022 17:00,14.0,671.4,762.4,,13,从西南偏南方向吹来的风,2,,8,, ,,,-0.1,14.0,,,,,,30.0,-14.0,无降水,6,,,,
12.04.2022 14:00,12.5,672.7,763.6,-1.7,17,从东方吹来的风,2,,9,,云量发展情况没有进行观测或无法观测。 ,在整个相应周期内云遮住了一半或以下的天空,在整个相应周期内云遮住了一半或以下的天空,-0.1,15.7,,,2500或更高，或无云。,,,30.0,-11.9,无降水,12,,,,
12.04.2022 11:00,10.1,674.4,765.6,-0.4,20,从东南偏东方向吹来的风,4,,9,,云量发展情况没有进行观测或无法观测。 ,在整个相应周期内云遮住了一半或以下的天空,在整个相应周期内云遮住了一半或以下的天空,-0.1,19.6,,,2500或更高，或无云。,,,30.0,-11.8,无降水,12,,,,
12.04.2022 08:00,5.1,674.8,766.5,0.6,33,从西北偏北方向吹来的风,3,,9,,云量发展情况没有进行观测或无法观测。 ,在整个相应周期内云遮住了一半或以下的天空,在整个相应周期内云遮住了一半或以下的天空,-0.1,19.6,,,2500或更高，或无云。,,,30.0,-9.8,无降水,12,,,,
12.04.2022 05:00,1.5,674.2,765.7,-0.2,46,从西北偏北方向吹来的风,2,,11,,云量发展情况没有进行观测或无法观测。 ,,,1.5,19.6,,,2500或更高，或无云。,,,30.0,-8.9,无降水,12,,,,
12.04.2022 02:00,4.4,674.4,765.0,,38,从西北偏北方向吹来的风,6,,14,,云量发展情况没有进行观测或无法观测。 ,在整个相应周期内云遮住了一半或以下的天空,在整个相应周期内云遮住了一半或以下的天空,3.5,19.6,,,2500或更高，或无云。,,,30.0,-8.7,无降水,12,,,,
11.04.2022 20:00,9.2,672.8,762.4,1.3,24,从北方吹来的风,5,,14,,云量发展情况没有进行观测或无法观测。 ,在整个相应周期内云遮住了一半或以下的天空,在整个相应周期内云遮住了一半或以下的天空,9.2,19.6,,,2500或更高，或无云。,,,25.0,-10.3,无降水,12,,,,
11.04.2022 17:00,12.5,671.5,760.2,1.4,20,从西方吹来的风,3,,14,,云量发展情况没有进行观测或无法观测。 ,在整个相应周期内云遮住了一半或以下的天空,在整个相应周期内云遮住了一半或以下的天空,11.8,,,,2500或更高，或无云。,,,18.0,-9.8,无降水,12,,,,
11.04.2022 14:00,15.7,670.1,758.3,0.9,11,从西北方吹来的风,8,,14,,云量发展情况没有进行观测或无法观测。 ,在整个相应周期内云遮住了一半或以下的天空,在整个相应周期内云遮住了一半或以下的天空,,,,,2500或更高，或无云。,,,10.0,-14.7,无降水,12,,,,
11.04.2022 11:00,16.7,669.2,757.5,0.4,14,从西北方吹来的风,4,,10,,霾 ,在整个相应周期内云遮住了一半或以下的天空,在整个相应周期内云遮住了一半或以下的天空,,,,,2500或更高，或无云。,,,4.7,-10.9,无降水,12,,,,
11.04.2022 08:00,15.3,668.8,756.4,2.7,13,从西北偏北方向吹来的风,5,,10,,云量发展情况没有进行观测或无法观测。 ,在整个相应周期内云遮住了一半或以下的天空,在整个相应周期内云遮住了一半或以下的天空,11.8,,,,2500或更高，或无云。,,,5.0,-13.0,无降水,12,,,,
11.04.2022 05:00,16.4,666.1,751.6,1.7,25,从西北偏西方向吹来的风,4,,9,,云量发展情况没有进行观测或无法观测。 ,,,4.7,29.2,,,2500或更高，或无云。,,,14.0,-3.7,无降水,12,,,,
11.04.2022 02:00,15.3,664.4,749.9,,37,从西北偏西方向吹来的风,2,,16,,云量发展情况没有进行观测或无法观测。 ,在整个相应周期内云遮住了一半或以下的天空,在整个相应周期内云遮住了一半或以下的天空,,29.2,,,2500或更高，或无云。,,,13.0,0.7,无降水,12,,,,
10.04.2022 20:00,17.8,664.3,751.7,0.9,21,从北方吹来的风,1,,16,,云量发展情况没有进行观测或无法观测。 ,在整个相应周期内云遮住了一半或以下的天空,在整个相应周期内云遮住了一半或以下的天空,,29.2,,,2500或更高，或无云。,,,7.0,-4.8,无降水,12,,,,
10.04.2022 17:00,28.0,663.4,750.1,-0.8,9,从西方吹来的风,5,,16,,云量发展情况没有进行观测或无法观测。 ,在整个相应周期内云遮住了一半或以下的天空,在整个相应周期内云遮住了一半或以下的天空,,29.2,,,2500或更高，或无云。,,,18.0,-7.8,无降水,12,,,,
10.04.2022 14:00,28.4,664.2,750.7,-1.0,10,从西方吹来的风,6,,,,云量发展情况没有进行观测或无法观测。 ,在整个相应周期内云遮住了一半或以下的天空,在整个相应周期内云遮住了一半或以下的天空,4.7,28.8,,,2500或更高，或无云。,,,20.0,-6.1,无降水,12,,,,
10.04.2022 11:00,24.7,665.2,751.9,-0.1,13,从西南方吹来的风,3,,7,,云量发展情况没有进行观测或无法观测。 ,在整个相应周期内云遮住了一半或以下的天空,在整个相应周期内云遮住了一半或以下的天空,4.7,27.7,,,2500或更高，或无云。,,,11.0,-5.5,无降水,12,,,,
10.04.2022 08:00,13.4,665.3,752.2,1.0,34,从西北偏北方向吹来的风,1,,5,,霾 ,在整个相应周期内云遮住了一半或以下的天空,在整个相应周期内云遮住了一半或以下的天空,4.7,,,,2500或更高，或无云。,,,4.9,-2.1,无降水,12,,,,
10.04.2022 05:00,6.5,664.3,751.5,0.0,40,从北方吹来的风,1,,11,,云量发展情况没有进行观测或无法观测。 ,,,3.9,27.7,,,2500或更高，或无云。,,,10.0,-6.1,无降水,12,,,,
10.04.2022 02:00,7.9,664.3,751.1,,35,从东北方吹来的风,1,,13,,云量发展情况没有进行观测或无法观测。 ,在整个相应周期内云遮住了一半或以下的天空,在整个相应周期内云遮住了一半或以下的天空,,27.7,,,2500或更高，或无云。,,,12.0,-6.6,无降水,12,,,,
09.04.2022 20:00,22.2,664.0,750.8,0.5,9,从西南方吹来的风,2,,13,,云量发展情况没有进行观测或无法观测。 ,在整个相应周期内云遮住了一半或以下的天空,在整个相应周期内云遮住了一半或以下的天空,,27.7,,,2500或更高，或无云。,,,14.0,-12.2,无降水,12,,,,
09.04.2022 17:00,25.9,663.5,749.9,-0.7,7,从西方吹来的风,5,,,,云量发展情况没有进行观测或无法观测。 ,在整个相应周期内云遮住了一半或以下的天空,在整个相应周期内云遮住了一半或以下的天空,,27.7,,,2500或更高，或无云。,,,23.0,-12.5,无降水,12,,,,
09.04.2022 14:00,26.6,664.2,750.5,-2.4,7,从西南方吹来的风,4,,10,,云量发展情况没有进行观测或无法观测。 ,在整个相应周期内云遮住了一半或以下的天空,在整个相应周期内云遮住了一半或以下的天空,3.9,27.0,,,2500或更高，或无云。,,,20.0,-12.0,无降水,12,,,,
09.04.2022 11:00,21.9,666.6,753.6,-0.7,10,从西南偏西方向吹来的风,3,,6,,云量发展情况没有进行观测或无法观测。 ,在整个相应周期内云遮住了一半或以下的天空,在整个相应周期内云遮住了一半或以下的天空,3.9,27.0,,,2500或更高，或无云。,,,17.0,-11.1,无降水,12,,,,
09.04.2022 08:00,12.6,667.3,755.2,1.2,23,从西方吹来的风,1,,6,,云量发展情况没有进行观测或无法观测。 ,在整个相应周期内云遮住了一半或以下的天空,在整个相应周期内云遮住了一半或以下的天空,3.9,27.0,,,2500或更高，或无云。,,,17.0,-8.0,无降水,12,,,,
09.04.2022 05:00,10.8,666.1,752.8,-0.1,22,从西北偏西方向吹来的风,4,,12,,云量发展情况没有进行观测或无法观测。 ,,,,27.0,,,2500或更高，或无云。,,,22.0,-10.1,无降水,12,,,,
09.04.2022 02:00,11.2,666.2,752.8,,28,从西方吹来的风,2,,,,云量发展情况没有进行观测或无法观测。 ,在整个相应周期内云遮住了一半或以下的天空,在整个相应周期内云遮住了一半或以下的天空,,27.0,,,2500或更高，或无云。,,,13.0,-6.6,无降水,12,,,,
08.04.2022 20:00,17.9,665.1,753.0,0.4,11,从西南方吹来的风,2,,14,,云量发展情况没有进行观测或无法观测。 ,在整个相应周期内云遮住了一半或以下的天空,在整个相应周期内云遮住了一半或以下的天空,,27.0,,,2500或更高，或无云。,,,12.0,-13.0,无降水,12,,,,
08.04.2022 17:00,26.2,664.7,753.0,-1.1,6,从西北偏西方向吹来的风,6,,,,云量发展情况没有进行观测或无法观测。 ,在整个相应周期内云遮住了一半或以下的天空,在整个相应周期内云遮住了一半或以下的天空,,27.0,,,2500或更高，或无云。,,,21.0,-14.2,无降水,12,,,,
08.04.2022 14:00,26.6,665.8,754.0,-2.7,6,从西方吹来的风,6,,14,,云量发展情况没有进行观测或无法观测。 ,在整个相应周期内云遮住了一半或以下的天空,在整个相应周期内云遮住了一半或以下的天空,-1.6,,,,2500或更高，或无云。,,,26.0,-13.9,无降水,12,,,,
08.04.2022 11:00,20.9,668.5,757.3,-1.3,13,从西南方吹来的风,2,,6,,云量发展情况没有进行观测或无法观测。 ,在整个相应周期内云遮住了一半或以下的天空,在整个相应周期内云遮住了一半或以下的天空,-1.6,,,,2500或更高，或无云。,,,21.0,-8.5,无降水,12,,,,
08.04.2022 08:00,10.9,669.8,758.5,0.1,29,从西南偏西方向吹来的风,0,,3,,云量发展情况没有进行观测或无法观测。 ,在整个相应周期内云遮住了一半或以下的天空,在整个相应周期内云遮住了一半或以下的天空,-1.6,,,,2500或更高，或无云。,,,10.0,-6.4,无降水,12,,,,
08.04.2022 05:00,-0.1,669.7,759.1,-0.4,60,从西北方吹来的风,1,,9,,云量发展情况没有进行观测或无法观测。 ,,,-2.8,23.4,,,2500或更高，或无云。,,,16.0,-7.1,无降水,12,,,,
08.04.2022 02:00,1.0,670.1,759.5,,54,从西北偏西方向吹来的风,1,,13,,云量发展情况没有进行观测或无法观测。 ,在整个相应周期内云遮住了一半或以下的天空,在整个相应周期内云遮住了一半或以下的天空,,23.4,,,2500或更高，或无云。,,,16.0,-7.3,无降水,12,,,,
07.04.2022 20:00,17.1,670.6,760.0,0.2,13,从西方吹来的风,2,,,,云量发展情况没有进行观测或无法观测。 ,在整个相应周期内云遮住了一半或以下的天空,在整个相应周期内云遮住了一半或以下的天空,,23.4,,,2500或更高，或无云。,,,30.0,-11.5,无降水,12,,,,
07.04.2022 17:00,22.7,670.4,760.3,-1.2,10,从西北偏西方向吹来的风,5,,13,,云量发展情况没有进行观测或无法观测。 ,在整个相应周期内云遮住了一半或以下的天空,在整个相应周期内云遮住了一半或以下的天空,,23.4,,,2500或更高，或无云。,,,30.0,-10.5,无降水,12,,,,
07.04.2022 14:00,22.5,671.6,761.2,-2.3,11,从西方吹来的风,5,,,,云量发展情况没有进行观测或无法观测。 ,在整个相应周期内云遮住了一半或以下的天空,在整个相应周期内云遮住了一半或以下的天空,-2.8,22.7,,,2500或更高，或无云。,,,30.0,-9.4,无降水,12,,,,
07.04.2022 11:00,17.9,673.9,763.8,,19,从西南方吹来的风,3,,5,, ,,,-2.8,18.9,,,,,,14.0,-6.0,无降水,6,,,,
07.04.2022 08:00,7.1,674.7,765.4,0.5,38,从西北偏西方向吹来的风,0,,4,,云量发展情况没有进行观测或无法观测。 ,在整个相应周期内云遮住了一半或以下的天空,在整个相应周期内云遮住了一半或以下的天空,-2.8,18.9,,,2500或更高，或无云。,,,12.0,-6.3,无降水,12,,,,
07.04.2022 05:00,-2.0,674.2,765.4,-0.4,65,从东北偏北方向吹来的风,1,,12,,云量发展情况没有进行观测或无法观测。 ,,,-2.3,18.9,,,2500或更高，或无云。,,,19.0,-7.7,无降水,12,,,,
07.04.2022 02:00,1.2,674.6,765.4,,52,从西北偏北方向吹来的风,1,,12,,云量发展情况没有进行观测或无法观测。 ,在整个相应周期内云遮住了一半或以下的天空,在整个相应周期内云遮住了一半或以下的天空,1.2,18.9,,,2500或更高，或无云。,,,30.0,-7.8,无降水,12,,,,
06.04.2022 20:00,12.5,674.4,765.1,2.0,21,从西北偏北方向吹来的风,2,,12,,云量发展情况没有进行观测或无法观测。 ,在整个相应周期内云遮住了一半或以下的天空,在整个相应周期内云遮住了一半或以下的天空,1.3,18.9,,,2500或更高，或无云。,,,24.0,-9.2,无降水,12,,,,
06.04.2022 17:00,18.2,672.4,762.3,-1.2,15,从西北偏北方向吹来的风,7,,12,,云量发展情况没有进行观测或无法观测。 ,在整个相应周期内云遮住了一半或以下的天空,在整个相应周期内云遮住了一半或以下的天空,1.3,19.1,,,2500或更高，或无云。,,,30.0,-8.8,无降水,12,,,,
06.04.2022 14:00,17.9,673.6,763.7,-1.4,15,从西北偏北方向吹来的风,5,,12,,云量发展情况没有进行观测或无法观测。 ,在整个相应周期内云遮住了一半或以下的天空,在整个相应周期内云遮住了一半或以下的天空,1.3,19.7,,,2500或更高，或无云。,,,30.0,-9.1,无降水,12,,,,
06.04.2022 11:00,14.3,675.0,764.8,0.3,26,从西北偏西方向吹来的风,2,,6,,云量发展情况没有进行观测或无法观测。 ,在整个相应周期内云遮住了一半或以下的天空,在整个相应周期内云遮住了一半或以下的天空,1.3,19.7,,,2500或更高，或无云。,,,18.0,-4.9,无降水,12,,,,
06.04.2022 08:00,6.3,674.7,765.4,1.2,48,从东南偏南方向吹来的风,1,,10,,云量发展情况没有进行观测或无法观测。 ,在整个相应周期内云遮住了一半或以下的天空,在整个相应周期内云遮住了一半或以下的天空,1.3,19.7,,,2500或更高，或无云。,,,8.0,-3.9,无降水,12,,,,
06.04.2022 05:00,4.4,673.5,763.3,-0.6,48,从西北偏西方向吹来的风,2,,10,,云量发展情况没有进行观测或无法观测。 ,,,-1.5,19.7,,,2500或更高，或无云。,,,20.0,-5.9,无降水,12,,,,
06.04.2022 02:00,4.7,674.1,764.1,,38,从西北方吹来的风,1,,10,,云量发展情况没有进行观测或无法观测。 ,在整个相应周期内云遮住了一半或以下的天空,在整个相应周期内云遮住了一半或以下的天空,,19.7,,,2500或更高，或无云。,,,30.0,-8.4,无降水,12,,,,
05.04.2022 20:00,12.9,674.2,764.5,0.9,19,从东北偏东方向吹来的风,6,,12,,云量发展情况没有进行观测或无法观测。 ,在整个相应周期内云遮住了一半或以下的天空,在整个相应周期内云遮住了一半或以下的天空,,19.7,,,2500或更高，或无云。,,,19.0,-10.2,无降水,12,,,,
05.04.2022 17:00,19.1,673.3,763.0,-1.4,12,从东南偏南方向吹来的风,2,,12,,云量发展情况没有进行观测或无法观测。 ,在整个相应周期内云遮住了一半或以下的天空,在整个相应周期内云遮住了一半或以下的天空,,21.1,,,2500或更高，或无云。,,,23.0,-11.0,无降水,12,,,,
05.04.2022 14:00,18.6,674.7,764.2,-1.0,12,从东北偏北方向吹来的风,4,,12,,云量发展情况没有进行观测或无法观测。 ,在整个相应周期内云遮住了一半或以下的天空,在整个相应周期内云遮住了一半或以下的天空,-1.5,22.1,,,2500或更高，或无云。,,,24.0,-11.4,无降水,12,,,,
05.04.2022 11:00,16.3,675.7,766.3,0.2,15,从西北偏北方向吹来的风,4,,12,,云量发展情况没有进行观测或无法观测。 ,在整个相应周期内云遮住了一半或以下的天空,在整个相应周期内云遮住了一半或以下的天空,-1.5,22.1,,,2500或更高，或无云。,,,11.0,-10.4,无降水,12,,,,
05.04.2022 08:00,8.8,675.5,765.4,1.3,23,从西北偏西方向吹来的风,4,,6,,云量发展情况没有进行观测或无法观测。 ,在整个相应周期内云遮住了一半或以下的天空,在整个相应周期内云遮住了一半或以下的天空,-1.5,22.1,,,2500或更高，或无云。,,,30.0,-11.2,无降水,12,,,,
05.04.2022 05:00,5.2,674.2,763.7,,27,从西方吹来的风,2,,15,,云量发展情况没有进行观测或无法观测。 ,,,,22.1,,,2500或更高，或无云。,,,30.0,-12.3,无降水,12,,,,
05.04.2022 02:00,8.3,673.8,763.0,,29,从西北偏西方向吹来的风,3,,15,, ,,,,22.1,,,,,,19.0,-8.7,无降水,6,,,,
04.04.2022 20:00,15.9,672.3,762.3,0.8,13,从西方吹来的风,3,,15,,云量发展情况没有进行观测或无法观测。 ,在整个相应周期内云遮住了一半或以下的天空,在整个相应周期内云遮住了一半或以下的天空,,22.1,,,2500或更高，或无云。,,,25.0,-12.5,无降水,12,,,,
04.04.2022 17:00,20.9,671.5,762.1,-0.9,9,从西北偏西方向吹来的风,6,,15,,云量发展情况没有进行观测或无法观测。 ,在整个相应周期内云遮住了一半或以下的天空,在整个相应周期内云遮住了一半或以下的天空,,22.1,,,2500或更高，或无云。,,,29.0,-13.2,无降水,12,,,,
04.04.2022 14:00,19.4,672.4,763.1,-2.4,19,从西南偏西方向吹来的风,2,,7,,云量发展情况没有进行观测或无法观测。 ,在整个相应周期内云遮住了一半或以下的天空,在整个相应周期内云遮住了一半或以下的天空,-3.8,19.5,,,2500或更高，或无云。,,,13.0,-4.8,无降水,12,,,,
04.04.2022 11:00,15.0,674.8,766.2,-0.1,22,从西南方吹来的风,3,,7,,云量发展情况没有进行观测或无法观测。 ,在整个相应周期内云遮住了一半或以下的天空,在整个相应周期内云遮住了一半或以下的天空,-3.8,16.8,,,2500或更高，或无云。,,,15.0,-6.5,无降水,12,,,,
04.04.2022 08:00,5.7,674.9,767.2,0.7,42,从西北偏西方向吹来的风,2,,3,,云量发展情况没有进行观测或无法观测。 ,在整个相应周期内云遮住了一半或以下的天空,在整个相应周期内云遮住了一半或以下的天空,-3.8,,,,2500或更高，或无云。,,,13.0,-6.2,无降水,12,,,,
04.04.2022 05:00,-2.9,674.2,765.9,-0.4,62,从西北方吹来的风,0,,5,,云量发展情况没有进行观测或无法观测。 ,,,-8.0,16.8,,,2500或更高，或无云。,,,11.0,-9.2,无降水,12,,,,
04.04.2022 02:00,-1.5,674.6,766.2,,55,从西北偏北方向吹来的风,1,,11,,云量发展情况没有进行观测或无法观测。 ,在整个相应周期内云遮住了一半或以下的天空,在整个相应周期内云遮住了一半或以下的天空,,16.8,,,2500或更高，或无云。,,,18.0,-9.4,无降水,12,,,,
03.04.2022 20:00,4.6,674.1,767.0,0.7,27,从东北方吹来的风,1,,11,,云量发展情况没有进行观测或无法观测。 ,在整个相应周期内云遮住了一半或以下的天空,在整个相应周期内云遮住了一半或以下的天空,,16.8,,,2500或更高，或无云。,,,15.0,-12.8,无降水,12,,,,
03.04.2022 17:00,16.7,673.4,765.7,-1.4,10,从西南偏南方向吹来的风,3,,11,,云量发展情况没有进行观测或无法观测。 ,在整个相应周期内云遮住了一半或以下的天空,在整个相应周期内云遮住了一半或以下的天空,,16.8,,,2500或更高，或无云。,,,30.0,-15.1,无降水,12,,,,
03.04.2022 14:00,15.7,674.8,767.2,-2.4,11,从西南偏南方向吹来的风,3,,8,,云量发展情况没有进行观测或无法观测。 ,在整个相应周期内云遮住了一半或以下的天空,在整个相应周期内云遮住了一半或以下的天空,-8.0,16.0,,,2500或更高，或无云。,,,28.0,-14.7,无降水,12,,,,
03.04.2022 11:00,11.2,677.2,770.2,-0.2,16,从西南方吹来的风,3,,5,,云量发展情况没有进行观测或无法观测。 ,在整个相应周期内云遮住了一半或以下的天空,在整个相应周期内云遮住了一半或以下的天空,-8.0,12.7,,,2500或更高，或无云。,,,18.0,-13.7,无降水,12,,,,
03.04.2022 08:00,1.7,677.4,770.2,0.2,42,从西北偏西方向吹来的风,1,,4,,云量发展情况没有进行观测或无法观测。 ,在整个相应周期内云遮住了一半或以下的天空,在整个相应周期内云遮住了一半或以下的天空,-8.0,12.7,,,2500或更高，或无云。,,,13.0,-10.1,无降水,12,,,,
03.04.2022 05:00,-7.2,677.2,770.8,-0.6,69,从西北方吹来的风,1,,7,,云量发展情况没有进行观测或无法观测。 ,,,-7.9,12.7,,,2500或更高，或无云。,,,17.0,-11.9,无降水,12,,,,
03.04.2022 02:00,-6.1,677.8,771.5,,64,从西北偏北方向吹来的风,1,,8,,云量发展情况没有进行观测或无法观测。 ,在整个相应周期内云遮住了一半或以下的天空,在整个相应周期内云遮住了一半或以下的天空,-6.7,12.7,,,2500或更高，或无云。,,,15.0,-11.8,无降水,12,,,,
02.04.2022 20:00,7.8,678.3,771.1,0.0,16,从西南方吹来的风,2,,9,,云量发展情况没有进行观测或无法观测。 ,在整个相应周期内云遮住了一半或以下的天空,在整个相应周期内云遮住了一半或以下的天空,-5.5,12.7,,,2500或更高，或无云。,,,12.0,-16.5,无降水,12,,,,
02.04.2022 17:00,12.3,678.3,771.1,,9,从西北方吹来的风,2,,9,, ,,,-5.5,12.7,,,,,,30.0,-19.7,无降水,6,,,,
02.04.2022 14:00,11.2,679.7,773.2,-2.0,11,从西南偏西方向吹来的风,3,,9,,云量发展情况没有进行观测或无法观测。 ,在整个相应周期内云遮住了一半或以下的天空,在整个相应周期内云遮住了一半或以下的天空,-5.5,13.8,,,2500或更高，或无云。,,,30.0,-18.2,无降水,12,,,,
02.04.2022 11:00,7.9,681.7,775.1,-0.3,15,从西方吹来的风,3,,9,,云量发展情况没有进行观测或无法观测。 ,在整个相应周期内云遮住了一半或以下的天空,在整个相应周期内云遮住了一半或以下的天空,-5.5,13.8,,,2500或更高，或无云。,,,30.0,-17.2,无降水,12,,,,
02.04.2022 08:00,2.2,682.0,775.9,0.7,31,从西北方吹来的风,3,,11,,云量发展情况没有进行观测或无法观测。 ,在整个相应周期内云遮住了一半或以下的天空,在整个相应周期内云遮住了一半或以下的天空,-5.5,13.8,,,2500或更高，或无云。,,,30.0,-13.2,无降水,12,,,,
02.04.2022 05:00,-2.3,681.3,775.0,-0.4,59,从西方吹来的风,2,,14,,云量发展情况没有进行观测或无法观测。 ,,,-9.0,13.8,,,2500或更高，或无云。,,,30.0,-9.4,无降水,12,,,,
02.04.2022 02:00,-3.6,681.7,775.2,,69,从东北偏北方向吹来的风,1,,17,,云量发展情况没有进行观测或无法观测。 ,在整个相应周期内云遮住了一半或以下的天空,在整个相应周期内云遮住了一半或以下的天空,-9.0,13.8,,,2500或更高，或无云。,,,30.0,-8.5,无降水,12,,,,
01.04.2022 20:00,4.8,680.2,774.1,2.1,43,从西北偏北方向吹来的风,6,,17,,云量发展情况没有进行观测或无法观测。 ,在整个相应周期内云遮住了一半或以下的天空,在整个相应周期内云遮住了一半或以下的天空,,13.8,,,2500或更高，或无云。,,,30.0,-6.7,无降水,12,,,,
01.04.2022 17:00,9.7,678.1,772.4,0.0,31,从西北方吹来的风,8,,17,,云量发展情况没有进行观测或无法观测。 ,在整个相应周期内云遮住了一半或以下的天空,在整个相应周期内云遮住了一半或以下的天空,-9.0,13.8,,,2500或更高，或无云。,,,22.0,-6.6,无降水,12,,,,
01.04.2022 14:00,12.1,678.1,771.8,-2.4,23,从西南偏西方向吹来的风,2,,8,,云量发展情况没有进行观测或无法观测。 ,在整个相应周期内云遮住了一半或以下的天空,在整个相应周期内云遮住了一半或以下的天空,-9.0,12.1,,,2500或更高，或无云。,,,22.0,-8.4,无降水,12,,,,
01.04.2022 11:00,7.0,680.5,774.9,-1.1,23,从西方吹来的风,2,,5,,云量发展情况没有进行观测或无法观测。 ,在整个相应周期内云遮住了一半或以下的天空,在整个相应周期内云遮住了一半或以下的天空,-9.0,8.6,,,2500或更高，或无云。,,,24.0,-12.7,无降水,12,,,,
01.04.2022 08:00,0.5,681.6,776.3,-0.3,41,从东南方吹来的风,2,,4,,云量发展情况没有进行观测或无法观测。 ,在整个相应周期内云遮住了一半或以下的天空,在整个相应周期内云遮住了一半或以下的天空,-9.0,8.6,,,2500或更高，或无云。,,,9.0,-11.5,无降水,12,,,,
01.04.2022 05:00,-8.4,681.9,777.1,-0.9,76,无风,0,,,,云量发展情况没有进行观测或无法观测。 ,,,-8.5,8.6,,,2500或更高，或无云。,,,13.0,-12.0,无降水,12,,,,
01.04.2022 02:00,-7.5,682.8,778.0,,67,从西方吹来的风,1,,10,,云量发展情况没有进行观测或无法观测。 ,在整个相应周期内云遮住了一半或以下的天空,在整个相应周期内云遮住了一半或以下的天空,-8.4,8.6,,,2500或更高，或无云。,,,25.0,-12.6,无降水,12,,,,
31.03.2022 20:00,1.5,683.3,778.0,0.4,27,从东北偏东方向吹来的风,2,,12,,云量发展情况没有进行观测或无法观测。 ,在整个相应周期内云遮住了一半或以下的天空,在整个相应周期内云遮住了一半或以下的天空,-8.4,8.6,,,2500或更高，或无云。,,,25.0,-15.5,无降水,12,,,,
31.03.2022 17:00,7.9,682.9,777.8,-1.0,13,从北方吹来的风,5,,12,,云量发展情况没有进行观测或无法观测。 ,在整个相应周期内云遮住了一半或以下的天空,在整个相应周期内云遮住了一半或以下的天空,-8.4,12.0,,,2500或更高，或无云。,,,30.0,-18.8,无降水,12,,,,
31.03.2022 14:00,7.7,683.9,778.7,-1.1,16,从西北偏北方向吹来的风,5,,12,,云量发展情况没有进行观测或无法观测。 ,在整个相应周期内云遮住了一半或以下的天空,在整个相应周期内云遮住了一半或以下的天空,-8.4,14.5,,,2500或更高，或无云。,,,30.0,-16.5,无降水,12,,,,
31.03.2022 11:00,5.6,685.0,779.9,1.3,26,从北方吹来的风,5,,12,,云量发展情况没有进行观测或无法观测。 ,在整个相应周期内云遮住了一半或以下的天空,在整个相应周期内云遮住了一半或以下的天空,-8.4,,,,2500或更高，或无云。,,,30.0,-12.4,无降水,12,,,,
31.03.2022 08:00,2.4,683.7,777.7,2.0,41,从西北方吹来的风,3,,6,,云量发展情况没有进行观测或无法观测。 ,在整个相应周期内云遮住了一半或以下的天空,在整个相应周期内云遮住了一半或以下的天空,-8.4,,,,2500或更高，或无云。,,,30.0,-9.5,无降水,12,,,,
31.03.2022 05:00,-6.3,681.7,775.8,-0.1,69,从西北方吹来的风,1,,16,,云量发展情况没有进行观测或无法观测。 ,,,-8.4,14.5,,,2500或更高，或无云。,,,20.0,-11.2,无降水,12,,,,
31.03.2022 02:00,-4.4,681.8,775.1,,59,从西北偏西方向吹来的风,1,,17,,云量发展情况没有进行观测或无法观测。 ,在整个相应周期内云遮住了一半或以下的天空,在整个相应周期内云遮住了一半或以下的天空,-4.7,14.5,,,2500或更高，或无云。,,,30.0,-11.2,无降水,12,,,,
30.03.2022 20:00,5.0,679.1,772.3,3.7,32,从东北方吹来的风,4,,17,,云量发展情况没有进行观测或无法观测。 ,在整个相应周期内云遮住了一半或以下的天空,在整个相应周期内云遮住了一半或以下的天空,-1.8,14.5,,,2500或更高，或无云。,,,30.0,-10.3,无降水,12,,,,
30.03.2022 17:00,12.0,675.4,767.1,1.4,25,从西北偏北方向吹来的风,9,,17,,云量发展情况没有进行观测或无法观测。 ,在整个相应周期内云遮住了一半或以下的天空,在整个相应周期内云遮住了一半或以下的天空,-1.8,14.5,,,2500或更高，或无云。,,,30.0,-7.4,无降水,12,,,,
30.03.2022 14:00,14.3,674.0,765.5,-0.8,14,从西方吹来的风,8,,17,,云量发展情况没有进行观测或无法观测。 ,在整个相应周期内云遮住了一半或以下的天空,在整个相应周期内云遮住了一半或以下的天空,-1.8,14.5,,,2500或更高，或无云。,,,26.0,-12.8,无降水,12,,,,
30.03.2022 11:00,10.0,674.8,766.6,0.3,46,从西南方吹来的风,4,,10,,云量发展情况没有进行观测或无法观测。 ,在整个相应周期内云遮住了一半或以下的天空,在整个相应周期内云遮住了一半或以下的天空,-1.8,13.3,,,2500或更高，或无云。,,,16.0,-1.1,无降水,12,,,,
30.03.2022 08:00,3.4,674.5,766.5,1.7,73,从北方吹来的风,0,,12,,云量发展情况没有进行观测或无法观测。 ,在整个相应周期内云遮住了一半或以下的天空,在整个相应周期内云遮住了一半或以下的天空,-1.8,13.3,,,2500或更高，或无云。,,,13.0,-1.0,无降水,12,,,,
30.03.2022 05:00,2.7,672.8,764.2,-0.1,69,从北方吹来的风,1,,12,,云量发展情况没有进行观测或无法观测。 ,,,-1.8,13.3,,,2500或更高，或无云。,,,30.0,-2.4,无降水,12,,,,
30.03.2022 02:00,0.0,672.9,764.5,,85,从西方吹来的风,2,,12,,云量发展情况没有进行观测或无法观测。 ,在整个相应周期内云遮住了一半或以下的天空,在整个相应周期内云遮住了一半或以下的天空,-1.3,13.3,,,2500或更高，或无云。,,,27.0,-2.2,无降水,12,,,,
29.03.2022 20:00,8.2,671.8,763.4,1.5,55,从西北偏北方向吹来的风,6,,10,,间歇性雨，不冻，在观测时较弱 ,在整个相应周期内云遮住了一半或以下的天空,在整个相应周期内云遮住了一半或以下的天空,1.8,13.3,,,2500或更高，或无云。,,,18.0,-0.3,无降水,12,,,,
29.03.2022 17:00,11.1,670.3,761.4,1.1,40,从西北偏西方向吹来的风,2,,7,,云量发展情况没有进行观测或无法观测。 ,在整个相应周期内云遮住了一半或以下的天空,在整个相应周期内云遮住了一半或以下的天空,1.8,14.5,,,2500或更高，或无云。,,,10.0,-2.0,无降水,12,,,,
29.03.2022 14:00,13.1,669.2,759.5,-0.1,35,从北方吹来的风,3,,5,,云量发展情况没有进行观测或无法观测。 ,在整个相应周期内云遮住了一半或以下的天空,在整个相应周期内云遮住了一半或以下的天空,1.8,15.3,,,2500或更高，或无云。,,,13.0,-2.0,无降水,12,,,,
29.03.2022 11:00,9.3,669.3,760.0,0.8,49,从西北方吹来的风,1,,5,,云量发展情况没有进行观测或无法观测。 ,在整个相应周期内云遮住了一半或以下的天空,在整个相应周期内云遮住了一半或以下的天空,1.8,15.3,,,2500或更高，或无云。,,,9.0,-0.9,无降水,12,,,,
29.03.2022 08:00,3.9,668.5,759.7,1.1,71,从东南偏南方向吹来的风,1,,6,,薄雾 ,在整个相应周期内云遮住了一半或以下的天空,在整个相应周期内云遮住了一半或以下的天空,-0.3,15.3,,,2500或更高，或无云。,,,5.0,-0.9,无降水,12,,,,
29.03.2022 05:00,2.5,667.4,757.6,-0.5,69,从东南方吹来的风,1,,8,,云量发展情况没有进行观测或无法观测。 ,,,,15.3,,,2500或更高，或无云。,,,9.0,-2.6,无降水,12,,,,
29.03.2022 02:00,4.3,667.9,757.8,,57,从东方吹来的风,2,,11,,云量发展情况没有进行观测或无法观测。 ,在整个相应周期内云遮住了一半或以下的天空,在整个相应周期内云遮住了一半或以下的天空,,15.3,,,2500或更高，或无云。,,,13.0,-3.5,无降水,12,,,,
28.03.2022 20:00,8.0,668.1,760.0,0.7,37,从东南方吹来的风,3,,13,,云量发展情况没有进行观测或无法观测。 ,在整个相应周期内云遮住了一半或以下的天空,在整个相应周期内云遮住了一半或以下的天空,,15.3,,,2500或更高，或无云。,,,14.0,-5.8,无降水,12,,,,
28.03.2022 17:00,14.3,667.4,759.4,-1.4,20,从南方吹来的风,5,,13,,云量发展情况没有进行观测或无法观测。 ,在整个相应周期内云遮住了一半或以下的天空,在整个相应周期内云遮住了一半或以下的天空,,15.3,,,2500或更高，或无云。,,,17.0,-8.4,无降水,12,,,,
28.03.2022 14:00,14.7,668.8,760.6,-2.3,20,从西南方吹来的风,6,,13,,云量发展情况没有进行观测或无法观测。 ,在整个相应周期内云遮住了一半或以下的天空,在整个相应周期内云遮住了一半或以下的天空,-8.9,14.7,,,2500或更高，或无云。,,,17.0,-8.0,无降水,12,,,,
28.03.2022 11:00,9.9,671.1,763.6,-1.1,19,从西南偏南方向吹来的风,2,,5,,云量发展情况没有进行观测或无法观测。 ,在整个相应周期内云遮住了一半或以下的天空,在整个相应周期内云遮住了一半或以下的天空,-8.9,10.0,,,2500或更高，或无云。,,,21.0,-12.6,无降水,12,,,,
28.03.2022 08:00,-0.4,672.2,766.1,-0.2,61,从西北偏西方向吹来的风,2,,3,,云量发展情况没有进行观测或无法观测。 ,在整个相应周期内云遮住了一半或以下的天空,在整个相应周期内云遮住了一半或以下的天空,-8.9,10.0,,,2500或更高，或无云。,,,8.0,-7.0,无降水,12,,,,
28.03.2022 05:00,-7.9,672.4,766.0,0.1,81,从北方吹来的风,1,,6,,云量发展情况没有进行观测或无法观测。 ,,,-11.1,10.0,,,2500或更高，或无云。,,,8.0,-10.6,无降水,12,,,,
28.03.2022 02:00,-6.3,672.3,765.7,,81,从北方吹来的风,2,,9,,云量发展情况没有进行观测或无法观测。 ,在整个相应周期内云遮住了一半或以下的天空,在整个相应周期内云遮住了一半或以下的天空,-11.1,10.0,,,2500或更高，或无云。,,,14.0,-9.0,无降水,12,,,,
27.03.2022 20:00,-0.2,672.6,766.9,0.5,45,从东方吹来的风,1,,9,,云量发展情况没有进行观测或无法观测。 ,在整个相应周期内云遮住了一半或以下的天空,在整个相应周期内云遮住了一半或以下的天空,-11.1,10.0,,,2500或更高，或无云。,,,17.0,-10.7,无降水,12,,,,
27.03.2022 17:00,9.4,672.1,765.9,-1.5,17,从西南偏南方向吹来的风,4,,9,,云量发展情况没有进行观测或无法观测。 ,在整个相应周期内云遮住了一半或以下的天空,在整个相应周期内云遮住了一半或以下的天空,-11.1,10.0,,,2500或更高，或无云。,,,30.0,-14.4,无降水,12,,,,
27.03.2022 14:00,8.7,673.6,767.2,-2.7,16,从西北偏西方向吹来的风,2,,7,,云量发展情况没有进行观测或无法观测。 ,在整个相应周期内云遮住了一半或以下的天空,在整个相应周期内云遮住了一半或以下的天空,-11.1,11.0,,,2500或更高，或无云。,,,30.0,-15.7,无降水,12,,,,
27.03.2022 11:00,4.2,676.3,770.2,-0.5,22,从西南偏西方向吹来的风,3,,6,,云量发展情况没有进行观测或无法观测。 ,在整个相应周期内云遮住了一半或以下的天空,在整个相应周期内云遮住了一半或以下的天空,-11.1,,,,2500或更高，或无云。,,,28.0,-15.6,无降水,12,,,,
27.03.2022 08:00,-2.7,676.8,771.4,0.7,59,从东方吹来的风,2,,13,,云量发展情况没有进行观测或无法观测。 ,在整个相应周期内云遮住了一半或以下的天空,在整个相应周期内云遮住了一半或以下的天空,-11.1,,,,2500或更高，或无云。,,,15.0,-9.8,无降水,12,,,,
27.03.2022 05:00,-9.8,676.1,770.9,-0.3,83,从东南偏南方向吹来的风,1,,19,,云量发展情况没有进行观测或无法观测。 ,,,-9.8,11.5,,,2500或更高，或无云。,,,27.0,-12.1,无降水,12,,,,
27.03.2022 02:00,-6.9,676.4,770.1,,78,从东北偏北方向吹来的风,1,,23,,云量发展情况没有进行观测或无法观测。 ,在整个相应周期内云遮住了一半或以下的天空,在整个相应周期内云遮住了一半或以下的天空,-7.8,11.5,,,2500或更高，或无云。,,,25.0,-10.2,无降水,12,,,,
26.03.2022 20:00,1.5,674.1,768.1,3.5,38,从西北偏北方向吹来的风,6,,23,,云量发展情况没有进行观测或无法观测。 ,在整个相应周期内云遮住了一半或以下的天空,在整个相应周期内云遮住了一半或以下的天空,-7.8,11.5,,,2500或更高，或无云。,,,30.0,-11.3,无降水,12,,,,
26.03.2022 17:00,7.3,670.6,764.1,1.7,21,从西北方吹来的风,10,,23,,云量发展情况没有进行观测或无法观测。 ,在整个相应周期内云遮住了一半或以下的天空,在整个相应周期内云遮住了一半或以下的天空,-7.8,11.5,,,2500或更高，或无云。,,,24.0,-13.6,无降水,12,,,,
26.03.2022 14:00,10.8,668.9,760.9,-1.7,20,从西北偏西方向吹来的风,11,,22,,云量发展情况没有进行观测或无法观测。 ,在整个相应周期内云遮住了一半或以下的天空,在整个相应周期内云遮住了一半或以下的天空,-7.8,11.5,,,2500或更高，或无云。,,,14.0,-11.3,无降水,12,,,,
26.03.2022 11:00,9.0,670.6,762.1,-1.3,26,从西南偏西方向吹来的风,5,,8,,云量发展情况没有进行观测或无法观测。 ,在整个相应周期内云遮住了一半或以下的天空,在整个相应周期内云遮住了一半或以下的天空,-7.8,10.8,,,2500或更高，或无云。,,,15.0,-9.5,无降水,12,,,,
26.03.2022 08:00,-1.1,671.9,765.2,0.4,63,从西南偏南方向吹来的风,1,,6,,云量发展情况没有进行观测或无法观测。 ,在整个相应周期内云遮住了一半或以下的天空,在整个相应周期内云遮住了一半或以下的天空,-7.8,10.8,,,2500或更高，或无云。,,,9.0,-7.4,无降水,12,,,,
26.03.2022 05:00,-7.0,671.5,764.6,-0.6,80,从东北偏北方向吹来的风,1,,6,,云量发展情况没有进行观测或无法观测。 ,,,-7.3,10.8,,,2500或更高，或无云。,,,9.0,-9.9,无降水,12,,,,
26.03.2022 02:00,-3.0,672.1,764.8,,67,从西方吹来的风,1,,6,,云量发展情况没有进行观测或无法观测。 ,在整个相应周期内云遮住了一半或以下的天空,在整个相应周期内云遮住了一半或以下的天空,-3.2,10.8,,,2500或更高，或无云。,,,26.0,-8.3,无降水,12,,,,
25.03.2022 20:00,3.4,670.5,763.0,0.8,41,从西北方吹来的风,2,,7,,云量发展情况没有进行观测或无法观测。 ,在整个相应周期内云遮住了一半或以下的天空,在整个相应周期内云遮住了一半或以下的天空,1.3,10.8,,,2500或更高，或无云。,,,17.0,-8.6,无降水,12,,,,
25.03.2022 17:00,10.5,669.7,760.7,-0.7,22,从西北方吹来的风,3,,7,,云量发展情况没有进行观测或无法观测。 ,在整个相应周期内云遮住了一半或以下的天空,在整个相应周期内云遮住了一半或以下的天空,1.3,10.6,,,2500或更高，或无云。,,,22.0,-10.3,无降水,12,,,,
25.03.2022 14:00,8.4,670.4,761.8,-1.1,22,从西北偏西方向吹来的风,3,,7,,云量发展情况没有进行观测或无法观测。 ,在整个相应周期内云遮住了一半或以下的天空,在整个相应周期内云遮住了一半或以下的天空,1.3,11.4,,,2500或更高，或无云。,,,13.0,-12.1,无降水,12,,,,
25.03.2022 11:00,5.3,671.5,763.3,0.6,33,从西北偏西方向吹来的风,3,,7,,云量发展情况没有进行观测或无法观测。 ,在整个相应周期内云遮住了一半或以下的天空,在整个相应周期内云遮住了一半或以下的天空,1.3,,,,2500或更高，或无云。,,,14.0,-9.7,无降水,12,,,,
25.03.2022 08:00,2.5,670.9,763.1,1.5,39,从北方吹来的风,2,,7,,云量发展情况没有进行观测或无法观测。 ,在整个相应周期内云遮住了一半或以下的天空,在整个相应周期内云遮住了一半或以下的天空,0.2,,,,2500或更高，或无云。,,,15.0,-10.1,无降水,12,,,,
25.03.2022 05:00,3.0,669.4,760.6,0.3,42,从西北方吹来的风,4,,7,,云量发展情况没有进行观测或无法观测。 ,,,-2.6,11.4,,,2500或更高，或无云。,,,30.0,-8.7,无降水,12,,,,
25.03.2022 02:00,3.4,669.1,759.9,,53,从西方吹来的风,2,,5,,薄雾 ,在整个相应周期内云遮住了一半或以下的天空,在整个相应周期内云遮住了一半或以下的天空,-2.9,11.4,,,2500或更高，或无云。,,,5.0,-5.3,无降水,12,,,,
24.03.2022 20:00,5.6,665.8,757.6,1.2,73,从东方吹来的风,2,,,,薄雾 ,在整个相应周期内云遮住了一半或以下的天空,在整个相应周期内云遮住了一半或以下的天空,-2.9,11.4,,,2500或更高，或无云。,,,3.9,1.1,无降水,12,,,,
24.03.2022 17:00,9.4,664.6,756.1,0.9,63,从东南方吹来的风,3,,5,,霾 ,在整个相应周期内云遮住了一半或以下的天空,在整个相应周期内云遮住了一半或以下的天空,-2.9,11.4,,,2500或更高，或无云。,,,5.0,2.7,无降水,12,,,,
24.03.2022 14:00,11.4,663.7,754.7,-1.2,47,从东方吹来的风,1,,3,,霾 ,在整个相应周期内云遮住了一半或以下的天空,在整个相应周期内云遮住了一半或以下的天空,-2.9,11.4,,,2500或更高，或无云。,,,7.0,0.5,无降水,12,,,,
24.03.2022 11:00,6.9,664.9,756.6,0.3,60,从东南偏南方向吹来的风,1,,3,,霾 ,在整个相应周期内云遮住了一半或以下的天空,在整个相应周期内云遮住了一半或以下的天空,-2.9,10.7,,,2500或更高，或无云。,,,5.0,-0.3,无降水,12,,,,
24.03.2022 08:00,0.1,664.6,756.9,-0.4,94,从西南方吹来的风,1,,2,,薄雾 ,在整个相应周期内云遮住了一半或以下的天空,在整个相应周期内云遮住了一半或以下的天空,-3.9,,,,2500或更高，或无云。,,,2.7,-0.7,无降水,12,,,,
24.03.2022 05:00,-2.6,665.0,756.4,-1.1,94,从北方吹来的风,0,,4,,薄雾 ,,,-5.1,10.7,,,2500或更高，或无云。,,,2.8,-3.4,无降水,12,,,,
24.03.2022 02:00,-2.0,666.1,757.7,,92,从北方吹来的风,1,,8,,薄雾 ,在整个相应周期内云遮住了一半或以下的天空,在整个相应周期内云遮住了一半或以下的天空,-5.1,10.7,,,2500或更高，或无云。,,,2.5,-3.1,无降水,12,,,,
23.03.2022 20:00,1.9,667.9,761.5,1.0,79,从东北偏北方向吹来的风,2,,8,,薄雾 ,在整个相应周期内云遮住了一半或以下的天空,在整个相应周期内云遮住了一半或以下的天空,-10.3,10.7,,,2500或更高，或无云。,,,3.5,-1.4,无降水,12,,,,
23.03.2022 17:00,10.6,666.9,758.7,-0.7,41,从西方吹来的风,1,,8,,云量发展情况没有进行观测或无法观测。 ,在整个相应周期内云遮住了一半或以下的天空,在整个相应周期内云遮住了一半或以下的天空,-10.3,10.6,,,2500或更高，或无云。,,,10.0,-2.1,无降水,12,,,,
23.03.2022 14:00,9.0,667.6,759.7,-1.4,56,从西北偏西方向吹来的风,3,,6,,云量发展情况没有进行观测或无法观测。 ,在整个相应周期内云遮住了一半或以下的天空,在整个相应周期内云遮住了一半或以下的天空,-10.3,9.2,,,2500或更高，或无云。,,,9.0,0.7,无降水,12,,,,
23.03.2022 11:00,3.0,669.0,763.6,-0.6,75,从东南偏南方向吹来的风,2,,3,,薄雾 ,在整个相应周期内云遮住了一半或以下的天空,在整个相应周期内云遮住了一半或以下的天空,-10.3,3.7,,,2500或更高，或无云。,,,1.8,-1.0,无降水,12,,,,
23.03.2022 08:00,-3.9,669.6,764.5,-0.1,94,从北方吹来的风,0,,3,,有雾或冰雾，天空可见，在观测前一个小时内开始出现或变浓。 ,在整个相应周期内云遮住了一半或以下的天空,在整个相应周期内云遮住了一半或以下的天空,,,,,2500或更高，或无云。,,,0.1,-4.7,无降水,12,,,,
23.03.2022 05:00,-3.7,669.7,764.0,-1.5,94,从西南偏南方向吹来的风,1,,3,,雾或冰雾，天空可见，在观测前一个小时内没有明显的浓度变化。 ,,,-10.3,0.8,,,2500或更高，或无云。,,,0.1,-4.5,无降水,12,,,,
23.03.2022 02:00,-2.8,671.2,765.7,,95,从西南偏南方向吹来的风,1,,3,,有雾或冰雾，天空可见，在观测前一个小时内开始出现或变浓。 ,在整个相应周期内云遮住了一半或以下的天空,在整个相应周期内云遮住了一半或以下的天空,-10.3,0.8,,,2500或更高，或无云。,,,0.4,-3.5,3,12,,,,
22.03.2022 20:00,-4.6,673.0,768.3,0.2,93,从北方吹来的风,0,,4,,雾或冰雾，天空不可见，在观测前一个小时内没有明显的浓度变化。 ,雾或冰雾或强阴霾,在整个相应周期内云遮住了一半或以下的天空,-7.1,0.8,,,2500或更高，或无云。,,,0.1,-5.6,6,12,,,,
22.03.2022 17:00,-1.0,672.8,768.1,-1.0,87,从西南偏南方向吹来的风,1,,4,,小雪 ,在整个相应周期内云遮住了一半或以下的天空,在整个相应周期内云遮住了一半或以下的天空,-7.1,4.0,,,2500或更高，或无云。,,,2.5,-2.9,6,12,,,,
22.03.2022 14:00,-1.8,673.8,768.7,-1.3,89,从西北方吹来的风,1,,4,,间歇性雪，在观测时为强度 ,雾或冰雾或强阴霾,在整个相应周期内云遮住了一半或以下的天空,-7.1,5.3,,,2500或更高，或无云。,,,0.3,-3.4,3,12,,,,
22.03.2022 11:00,0.8,675.1,769.4,-0.4,44,从东南方吹来的风,2,,6,,云量发展情况没有进行观测或无法观测。 ,在整个相应周期内云遮住了一半或以下的天空,在整个相应周期内云遮住了一半或以下的天空,-7.1,5.3,,,2500或更高，或无云。,,,21.0,-10.1,无降水,12,,,,
22.03.2022 08:00,-3.2,675.5,770.4,-0.4,62,从西南偏南方向吹来的风,1,,8,,云量发展情况没有进行观测或无法观测。 ,在整个相应周期内云遮住了一半或以下的天空,在整个相应周期内云遮住了一半或以下的天空,-7.1,5.3,,,2500或更高，或无云。,,,11.0,-9.6,无降水,12,,,,
22.03.2022 05:00,-6.4,675.9,770.6,-1.2,74,无风,0,,,,云量发展情况没有进行观测或无法观测。 ,,,-8.2,5.3,,,2500或更高，或无云。,,,26.0,-10.4,无降水,12,,,,
22.03.2022 02:00,-3.0,677.1,771.3,,41,从东北偏东方向吹来的风,2,,8,,云量发展情况没有进行观测或无法观测。 ,在整个相应周期内云遮住了一半或以下的天空,在整个相应周期内云遮住了一半或以下的天空,-8.2,5.3,,,2500或更高，或无云。,,,30.0,-14.4,无降水,12,,,,
21.03.2022 20:00,-0.4,676.2,771.4,0.9,42,从东方吹来的风,4,,8,,云量发展情况没有进行观测或无法观测。 ,在整个相应周期内云遮住了一半或以下的天空,在整个相应周期内云遮住了一半或以下的天空,-8.2,5.3,,,2500或更高，或无云。,,,30.0,-12.0,无降水,12,,,,
21.03.2022 17:00,3.9,675.3,769.9,-0.3,32,从东北偏东方向吹来的风,4,,7,,云量发展情况没有进行观测或无法观测。 ,在整个相应周期内云遮住了一半或以下的天空,在整个相应周期内云遮住了一半或以下的天空,-8.2,5.3,,,2500或更高，或无云。,,,30.0,-11.3,无降水,12,,,,
21.03.2022 14:00,4.3,675.6,769.7,-1.3,32,从南方吹来的风,2,,7,,云量发展情况没有进行观测或无法观测。 ,在整个相应周期内云遮住了一半或以下的天空,在整个相应周期内云遮住了一半或以下的天空,-8.2,5.4,,,2500或更高，或无云。,,,30.0,-10.9,无降水,12,,,,
21.03.2022 11:00,1.8,676.9,771.7,0.9,36,从东北偏东方向吹来的风,3,,6,,云量发展情况没有进行观测或无法观测。 ,在整个相应周期内云遮住了一半或以下的天空,在整个相应周期内云遮住了一半或以下的天空,-8.2,5.4,,,2500或更高，或无云。,,,30.0,-11.7,无降水,12,,,,
21.03.2022 08:00,-4.0,676.0,771.1,0.8,60,从北方吹来的风,2,,3,,云量发展情况没有进行观测或无法观测。 ,在整个相应周期内云遮住了一半或以下的天空,在整个相应周期内云遮住了一半或以下的天空,-8.2,5.4,,,2500或更高，或无云。,,,30.0,-10.8,无降水,12,,,,
21.03.2022 05:00,-6.0,675.2,769.8,0.0,80,从西北方吹来的风,0,,8,,云量发展情况没有进行观测或无法观测。 ,,,-7.4,5.4,,,2500或更高，或无云。,,,29.0,-9.0,无降水,12,,,,
21.03.2022 02:00,-3.7,675.2,769.2,,67,从西方吹来的风,1,,8,,云量发展情况没有进行观测或无法观测。 ,在整个相应周期内云遮住了一半或以下的天空,在整个相应周期内云遮住了一半或以下的天空,-9.8,5.4,,,2500或更高，或无云。,,,30.0,-9.1,无降水,12,,,,
20.03.2022 20:00,-0.9,673.5,768.4,1.4,45,从东方吹来的风,1,,8,,云量发展情况没有进行观测或无法观测。 ,在整个相应周期内云遮住了一半或以下的天空,在整个相应周期内云遮住了一半或以下的天空,-10.0,5.4,,,2500或更高，或无云。,,,30.0,-11.6,无降水,12,,,,
20.03.2022 17:00,4.0,672.1,766.6,,28,从北方吹来的风,4,,8,, ,,,-10.0,5.4,,,,,,30.0,-12.9,无降水,6,,,,
20.03.2022 14:00,5.1,671.6,766.2,,37,从西北偏北方向吹来的风,3,,8,, ,,,-10.0,5.4,,,,,,30.0,-8.4,无降水,6,,,,
20.03.2022 11:00,3.0,671.9,766.7,,44,从西北偏北方向吹来的风,4,,8,, ,,,-10.0,3.1,,,,,,27.0,-8.1,无降水,6,,,,
20.03.2022 08:00,-4.0,671.6,766.9,,64,从西方吹来的风,2,,3,, ,,,-10.0,0.0,,,,,,18.0,-9.8,无降水,6,,,,
20.03.2022 05:00,-7.4,670.7,765.7,-0.2,84,从西北偏西方向吹来的风,1,,3,,云量发展情况没有进行观测或无法观测。 ,,,-10.4,0.0,,,2500或更高，或无云。,,,20.0,-9.6,无降水,12,,,,
20.03.2022 02:00,-9.8,670.9,766.5,,87,从北方吹来的风,0,,4,,云量发展情况没有进行观测或无法观测。 ,在整个相应周期内云遮住了一半或以下的天空,在整个相应周期内云遮住了一半或以下的天空,-10.4,0.0,,,2500或更高，或无云。,,,17.0,-11.6,无降水,12,,,,
19.03.2022 20:00,-4.8,670.5,766.4,0.2,62,从东方吹来的风,2,,,,云量发展情况没有进行观测或无法观测。 ,在整个相应周期内云遮住了一半或以下的天空,在整个相应周期内云遮住了一半或以下的天空,-10.4,0.0,,,2500或更高，或无云。,,,17.0,-11.0,无降水,12,,,,
19.03.2022 17:00,-0.2,670.3,765.5,-0.9,29,从东南偏东方向吹来的风,2,,5,,云量发展情况没有进行观测或无法观测。 ,在整个相应周期内云遮住了一半或以下的天空,在整个相应周期内云遮住了一半或以下的天空,-10.4,2.3,,,2500或更高，或无云。,,,30.0,-16.1,无降水,12,,,,
19.03.2022 14:00,-0.9,671.2,766.1,-2.2,34,从东方吹来的风,1,,,,云量发展情况没有进行观测或无法观测。 ,在整个相应周期内云遮住了一半或以下的天空,在整个相应周期内云遮住了一半或以下的天空,-10.4,3.0,,,2500或更高，或无云。,,,30.0,-14.8,无降水,12,,,,
19.03.2022 11:00,-2.2,673.4,768.4,0.6,35,从东北方吹来的风,1,,15,,云量发展情况没有进行观测或无法观测。 ,在整个相应周期内云遮住了一半或以下的天空,在整个相应周期内云遮住了一半或以下的天空,-10.4,3.0,,,2500或更高，或无云。,,,30.0,-15.6,无降水,12,,,,
19.03.2022 08:00,-7.9,672.8,768.2,1.6,64,从西北方吹来的风,1,,,,云量发展情况没有进行观测或无法观测。 ,在整个相应周期内云遮住了一半或以下的天空,在整个相应周期内云遮住了一半或以下的天空,-10.4,3.0,,,2500或更高，或无云。,,,30.0,-13.5,无降水,12,,,,
19.03.2022 05:00,-8.9,671.2,766.1,-0.6,72,从西北方吹来的风,2,,,,云量发展情况没有进行观测或无法观测。 ,,,-9.6,3.0,,,2500或更高，或无云。,,,30.0,-13.0,无降水,12,,,,
19.03.2022 02:00,-6.2,671.8,766.3,,69,从西北方吹来的风,3,,,,云量发展情况没有进行观测或无法观测。 ,在整个相应周期内云遮住了一半或以下的天空,在整个相应周期内云遮住了一半或以下的天空,-6.2,3.0,,,2500或更高，或无云。,,,30.0,-11.0,无降水,12,,,,
18.03.2022 20:00,-0.5,668.3,762.0,2.0,68,从北方吹来的风,7,,14,,云量发展情况没有进行观测或无法观测。 ,在整个相应周期内云遮住了一半或以下的天空,在整个相应周期内云遮住了一半或以下的天空,-2.7,3.0,,,2500或更高，或无云。,,,29.0,-5.7,5,12,,,,
18.03.2022 17:00,2.4,666.3,759.2,2.6,63,从西北偏北方向吹来的风,7,,14,,云量发展情况没有进行观测或无法观测。 ,在整个相应周期内云遮住了一半或以下的天空,在整个相应周期内云遮住了一半或以下的天空,-2.7,3.0,,,2500或更高，或无云。,,,30.0,-3.9,5,12,,,,
18.03.2022 14:00,2.0,663.7,756.4,-0.4,83,从西北方吹来的风,4,,7,,雾或冰雾 ,雪或雨夹雪,雨,-2.7,2.0,,,2500或更高，或无云。,,,2.6,-0.7,5,12,,,,
18.03.2022 11:00,-1.2,664.1,757.4,-2.1,86,从东南方吹来的风,2,,4,,薄雾 ,在整个相应周期内云遮住了一半或以下的天空,在整个相应周期内云遮住了一半或以下的天空,-2.7,-0.5,,,2500或更高，或无云。,,,3.7,-3.2,无降水,12,,,,
18.03.2022 08:00,-1.9,666.2,759.9,-1.8,91,从东南方吹来的风,1,,4,,薄雾 ,在整个相应周期内云遮住了一半或以下的天空,在整个相应周期内云遮住了一半或以下的天空,-2.7,,,,2500或更高，或无云。,,,3.0,-3.2,1,12,,,,
18.03.2022 05:00,-2.4,668.0,761.9,-1.7,92,从东南方吹来的风,1,,5,,间歇性雪，在观测时较弱 ,,,-2.7,,,,2500或更高，或无云。,,,3.7,-3.5,2,12,,,,
18.03.2022 02:00,-2.5,669.7,763.7,,92,从东方吹来的风,1,,,,薄雾 ,在整个相应周期内云遮住了一半或以下的天空,在整个相应周期内云遮住了一半或以下的天空,-2.7,,,,2500或更高，或无云。,,,5.0,-3.6,3,12,,,,
17.03.2022 20:00,-2.1,671.1,764.9,0.5,91,从东南偏东方向吹来的风,3,,8,,薄雾 ,在整个相应周期内云遮住了一半或以下的天空,在整个相应周期内云遮住了一半或以下的天空,-2.1,,,,2500或更高，或无云。,,,4.3,-3.4,7,12,,,,
17.03.2022 17:00,-1.3,670.6,764.3,-0.6,90,从东南偏东方向吹来的风,3,,8,,间歇性雪，在观测时较弱 ,在整个相应周期内云遮住了一半或以下的天空,在整个相应周期内云遮住了一半或以下的天空,-1.5,,,,2500或更高，或无云。,,,5.0,-2.7,6,12,,,,
17.03.2022 14:00,-0.9,671.2,764.3,-1.8,93,从东南偏东方向吹来的风,3,,10,,间歇性雪，在观测时较弱 ,在整个相应周期内云遮住了一半或以下的天空,在整个相应周期内云遮住了一半或以下的天空,-1.5,11.3,,,2500或更高，或无云。,,,1.5,-1.9,5,12,,,,
17.03.2022 11:00,-1.5,673.0,766.5,-0.2,91,从东南方吹来的风,4,,10,,间歇性雪，在观测时较弱 ,在整个相应周期内云遮住了一半或以下的天空,在整个相应周期内云遮住了一半或以下的天空,-1.5,11.3,,,2500或更高，或无云。,,,0.9,-2.8,2,12,,,,
17.03.2022 08:00,1.2,673.2,765.7,-0.3,73,从东方吹来的风,3,,13,,薄雾 ,在整个相应周期内云遮住了一半或以下的天空,在整个相应周期内云遮住了一半或以下的天空,0.4,11.3,,,2500或更高，或无云。,,,7.0,-3.1,无降水,12,,,,
17.03.2022 05:00,0.4,673.5,765.6,-0.1,78,从东北偏东方向吹来的风,4,,13,,云量发展情况没有进行观测或无法观测。 ,,,0.4,11.3,,,2500或更高，或无云。,,,10.0,-3.0,无降水,12,,,,
17.03.2022 02:00,3.6,673.6,765.1,,35,从东方吹来的风,5,,13,,云量发展情况没有进行观测或无法观测。 ,在整个相应周期内云遮住了一半或以下的天空,在整个相应周期内云遮住了一半或以下的天空,2.4,11.3,,,2500或更高，或无云。,,,23.0,-10.4,无降水,12,,,,
16.03.2022 20:00,6.4,674.2,766.3,1.5,29,从东北偏东方向吹来的风,6,,10,,云量发展情况没有进行观测或无法观测。 ,在整个相应周期内云遮住了一半或以下的天空,在整个相应周期内云遮住了一半或以下的天空,2.4,15.6,,,2500或更高，或无云。,,,11.0,-10.3,无降水,12,,,,
16.03.2022 17:00,10.1,672.7,763.9,-0.6,21,从东方吹来的风,5,,8,,云量发展情况没有进行观测或无法观测。 ,在整个相应周期内云遮住了一半或以下的天空,在整个相应周期内云遮住了一半或以下的天空,2.4,17.9,,,2500或更高，或无云。,,,20.0,-11.2,无降水,12,,,,
16.03.2022 14:00,10.4,673.3,764.1,-0.9,21,从西南偏南方向吹来的风,2,,8,,云量发展情况没有进行观测或无法观测。 ,在整个相应周期内云遮住了一半或以下的天空,在整个相应周期内云遮住了一半或以下的天空,2.4,18.5,,,2500或更高，或无云。,,,25.0,-11.0,无降水,12,,,,
16.03.2022 11:00,7.6,674.2,765.2,1.5,25,从东北偏东方向吹来的风,4,,12,,云量发展情况没有进行观测或无法观测。 ,在整个相应周期内云遮住了一半或以下的天空,在整个相应周期内云遮住了一半或以下的天空,2.4,,,,2500或更高，或无云。,,,20.0,-11.2,无降水,12,,,,
16.03.2022 08:00,4.6,672.7,763.0,1.4,25,从北方吹来的风,2,,12,,云量发展情况没有进行观测或无法观测。 ,在整个相应周期内云遮住了一半或以下的天空,在整个相应周期内云遮住了一半或以下的天空,2.4,18.5,,,2500或更高，或无云。,,,22.0,-13.7,无降水,12,,,,
16.03.2022 05:00,5.6,671.3,760.9,1.0,21,从西北偏北方向吹来的风,3,,15,,云量发展情况没有进行观测或无法观测。 ,,,3.8,18.5,,,2500或更高，或无云。,,,24.0,-15.0,无降水,12,,,,
16.03.2022 02:00,7.2,670.3,759.7,,24,从东北方吹来的风,2,,17,,云量发展情况没有进行观测或无法观测。 ,在整个相应周期内云遮住了一半或以下的天空,在整个相应周期内云遮住了一半或以下的天空,,18.5,,,2500或更高，或无云。,,,10.0,-12.0,无降水,12,,,,
15.03.2022 20:00,15.5,666.4,755.1,1.3,18,从西方吹来的风,5,,17,,云量发展情况没有进行观测或无法观测。 ,在整个相应周期内云遮住了一半或以下的天空,在整个相应周期内云遮住了一半或以下的天空,,18.5,,,2500或更高，或无云。,,,12.0,-8.7,无降水,12,,,,
15.03.2022 17:00,17.9,665.1,753.9,-0.9,13,从西方吹来的风,9,,17,,云量发展情况没有进行观测或无法观测。 ,在整个相应周期内云遮住了一半或以下的天空,在整个相应周期内云遮住了一半或以下的天空,-0.8,18.5,,,2500或更高，或无云。,,,17.0,-10.9,无降水,12,,,,
15.03.2022 14:00,17.3,666.0,755.8,-1.6,15,从西方吹来的风,8,,14,,云量发展情况没有进行观测或无法观测。 ,在整个相应周期内云遮住了一半或以下的天空,在整个相应周期内云遮住了一半或以下的天空,-0.8,17.5,,,2500或更高，或无云。,,,10.0,-9.6,无降水,12,,,,
15.03.2022 11:00,14.3,667.6,756.1,-0.7,18,从西方吹来的风,6,,10,,霾 ,在整个相应周期内云遮住了一半或以下的天空,在整个相应周期内云遮住了一半或以下的天空,-0.8,17.4,,,2500或更高，或无云。,,,6.0,-9.7,无降水,12,,,,
15.03.2022 08:00,9.3,668.3,757.9,2.2,31,从西北偏北方向吹来的风,2,,8,,霾 ,在整个相应周期内云遮住了一半或以下的天空,在整个相应周期内云遮住了一半或以下的天空,-0.8,17.4,,,2500或更高，或无云。,,,4.3,-7.0,无降水,12,,,,
15.03.2022 05:00,5.3,666.1,755.2,0.6,32,从东方吹来的风,4,,9,,云量发展情况没有进行观测或无法观测。 ,,,-1.2,17.4,,,2500或更高，或无云。,,,8.0,-10.1,无降水,12,,,,
15.03.2022 02:00,0.6,665.5,755.5,,53,从北方吹来的风,1,,11,,云量发展情况没有进行观测或无法观测。 ,在整个相应周期内云遮住了一半或以下的天空,在整个相应周期内云遮住了一半或以下的天空,-1.2,17.4,,,2500或更高，或无云。,,,8.0,-7.9,无降水,12,,,,
14.03.2022 20:00,12.2,667.2,757.5,-0.7,21,从西南偏南方向吹来的风,2,,12,,云量发展情况没有进行观测或无法观测。 ,在整个相应周期内云遮住了一半或以下的天空,在整个相应周期内云遮住了一半或以下的天空,-1.2,17.4,,,2500或更高，或无云。,,,9.0,-9.5,无降水,12,,,,
14.03.2022 17:00,16.8,667.9,757.3,-2.0,10,从西南偏西方向吹来的风,5,,,,云量发展情况没有进行观测或无法观测。 ,在整个相应周期内云遮住了一半或以下的天空,在整个相应周期内云遮住了一半或以下的天空,-1.2,17.4,,,2500或更高，或无云。,,,13.0,-15.0,无降水,12,,,,
14.03.2022 14:00,15.7,669.9,759.4,-2.3,11,从西南偏西方向吹来的风,6,,,,云量发展情况没有进行观测或无法观测。 ,在整个相应周期内云遮住了一半或以下的天空,在整个相应周期内云遮住了一半或以下的天空,-1.2,16.1,,,2500或更高，或无云。,,,9.0,-14.7,无降水,12,,,,
14.03.2022 11:00,11.5,672.2,762.0,-0.6,23,从西方吹来的风,4,,20,,云量发展情况没有进行观测或无法观测。 ,在整个相应周期内云遮住了一半或以下的天空,在整个相应周期内云遮住了一半或以下的天空,-1.2,16.1,,,2500或更高，或无云。,,,9.0,-8.9,无降水,12,,,,
14.03.2022 08:00,3.7,672.8,763.7,1.3,47,从西方吹来的风,2,,21,,云量发展情况没有进行观测或无法观测。 ,在整个相应周期内云遮住了一半或以下的天空,在整个相应周期内云遮住了一半或以下的天空,-1.2,16.1,,,2500或更高，或无云。,,,15.0,-6.8,无降水,12,,,,
14.03.2022 05:00,5.5,671.5,761.5,0.3,33,从西方吹来的风,3,,21,,云量发展情况没有进行观测或无法观测。 ,,,-1.6,16.1,,,2500或更高，或无云。,,,22.0,-9.5,无降水,12,,,,
14.03.2022 02:00,7.2,671.2,761.1,,33,从西北偏西方向吹来的风,2,,21,,云量发展情况没有进行观测或无法观测。 ,在整个相应周期内云遮住了一半或以下的天空,在整个相应周期内云遮住了一半或以下的天空,-1.6,16.1,,,2500或更高，或无云。,,,17.0,-8.0,无降水,12,,,,
13.03.2022 20:00,13.2,665.7,756.2,1.0,58,从南方吹来的风,3,,6,,霾 ,在整个相应周期内云遮住了一半或以下的天空,在整个相应周期内云遮住了一半或以下的天空,-1.6,16.1,,,2500或更高，或无云。,,,3.9,5.1,无降水,12,,,,
13.03.2022 17:00,16.1,664.7,754.7,-0.8,45,从西南偏南方向吹来的风,2,,6,,云量发展情况没有进行观测或无法观测。 ,在整个相应周期内云遮住了一半或以下的天空,在整个相应周期内云遮住了一半或以下的天空,-1.6,16.1,,,2500或更高，或无云。,,,7.0,4.2,无降水,12,,,,
13.03.2022 14:00,14.5,665.5,755.3,,43,从南方吹来的风,2,,5,,云量发展情况没有进行观测或无法观测。 ,在整个相应周期内云遮住了一半或以下的天空,在整个相应周期内云遮住了一半或以下的天空,-1.6,16.4,,,2500或更高，或无云。,,,9.0,2.1,无降水,12,,,,
13.03.2022 11:00,10.2,667.0,757.2,,35,从西方吹来的风,1,,5,, ,,,-1.6,16.4,,,,,,22.0,-4.6,无降水,6,,,,
13.03.2022 08:00,0.4,667.1,758.8,0.1,75,从西北偏北方向吹来的风,1,,5,,云量发展情况没有进行观测或无法观测。 ,在整个相应周期内云遮住了一半或以下的天空,在整个相应周期内云遮住了一半或以下的天空,-1.6,16.4,,,2500或更高，或无云。,,,20.0,-3.5,无降水,12,,,,
13.03.2022 05:00,-0.2,667.0,757.4,-0.9,73,从西北方吹来的风,0,,5,,云量发展情况没有进行观测或无法观测。 ,,,-0.3,16.4,,,2500或更高，或无云。,,,24.0,-4.6,无降水,12,,,,
13.03.2022 02:00,2.8,667.9,758.2,,56,从西南方吹来的风,1,,7,,云量发展情况没有进行观测或无法观测。 ,在整个相应周期内云遮住了一半或以下的天空,在整个相应周期内云遮住了一半或以下的天空,2.3,16.4,,,2500或更高，或无云。,,,30.0,-5.3,无降水,12,,,,
12.03.2022 20:00,7.3,667.4,758.5,1.3,77,从东南方吹来的风,1,,,,薄雾 ,在整个相应周期内云遮住了一半或以下的天空,在整个相应周期内云遮住了一半或以下的天空,2.4,16.4,,,2500或更高，或无云。,,,5.0,3.4,无降水,12,,,,
12.03.2022 17:00,15.1,666.1,755.6,-0.6,29,从北方吹来的风,3,,7,,云量发展情况没有进行观测或无法观测。 ,在整个相应周期内云遮住了一半或以下的天空,在整个相应周期内云遮住了一半或以下的天空,2.4,16.4,,,2500或更高，或无云。,,,18.0,-2.8,无降水,12,,,,
12.03.2022 14:00,13.7,666.7,756.6,-1.4,56,从西北偏西方向吹来的风,3,,6,,霾 ,在整个相应周期内云遮住了一半或以下的天空,在整个相应周期内云遮住了一半或以下的天空,2.4,15.1,,,2500或更高，或无云。,,,4.8,5.1,5,12,,,,
12.03.2022 11:00,8.3,668.1,758.8,0.1,80,从西北偏北方向吹来的风,3,,6,,薄雾 ,在整个相应周期内云遮住了一半或以下的天空,在整个相应周期内云遮住了一半或以下的天空,2.4,15.1,,,2500或更高，或无云。,,,2.6,5.1,5,12,,,,
12.03.2022 08:00,3.8,668.0,759.1,0.6,96,从西北偏北方向吹来的风,2,,6,,薄雾 ,在整个相应周期内云遮住了一半或以下的天空,在整个相应周期内云遮住了一半或以下的天空,2.4,15.1,,,2500或更高，或无云。,,,0.9,3.2,5,12,,,,
12.03.2022 05:00,4.3,667.4,757.4,-0.2,93,从东南方吹来的风,4,,9,,小雨（不冻） ,,,1.5,15.1,,,2500或更高，或无云。,,,1.0,3.3,5,12,,,,
12.03.2022 02:00,4.5,667.6,757.4,,76,从东方吹来的风,1,,10,,薄雾 ,在整个相应周期内云遮住了一半或以下的天空,在整个相应周期内云遮住了一半或以下的天空,-0.7,15.1,,,2500或更高，或无云。,,,3.9,0.6,无降水,12,,,,
11.03.2022 20:00,8.1,668.3,759.3,0.0,63,从东南偏东方向吹来的风,3,,10,,霾 ,在整个相应周期内云遮住了一半或以下的天空,在整个相应周期内云遮住了一半或以下的天空,-0.7,15.1,,,2500或更高，或无云。,,,4.2,1.5,无降水,12,,,,
11.03.2022 17:00,13.4,668.3,758.7,-1.2,47,从东南方吹来的风,6,,10,,霾 ,在整个相应周期内云遮住了一半或以下的天空,在整个相应周期内云遮住了一半或以下的天空,-0.7,19.1,,,2500或更高，或无云。,,,4.6,2.3,无降水,12,,,,
11.03.2022 14:00,14.3,669.5,760.4,-1.9,40,从东南偏东方向吹来的风,4,,10,,霾 ,在整个相应周期内云遮住了一半或以下的天空,在整个相应周期内云遮住了一半或以下的天空,-0.7,19.9,,,2500或更高，或无云。,,,4.5,0.9,无降水,12,,,,
11.03.2022 11:00,10.6,671.4,762.7,-0.4,41,从东方吹来的风,5,,10,,霾 ,在整个相应周期内云遮住了一半或以下的天空,在整个相应周期内云遮住了一半或以下的天空,-0.7,,,,2500或更高，或无云。,,,4.7,-2.1,无降水,12,,,,
11.03.2022 08:00,4.9,671.8,763.5,1.3,43,从北方吹来的风,2,,5,,云量发展情况没有进行观测或无法观测。 ,在整个相应周期内云遮住了一半或以下的天空,在整个相应周期内云遮住了一半或以下的天空,-0.9,,,,2500或更高，或无云。,,,10.0,-6.9,无降水,12,,,,
11.03.2022 05:00,3.1,670.5,760.2,0.4,42,从西方吹来的风,1,,5,,云量发展情况没有进行观测或无法观测。 ,,,-4.8,19.9,,,2500或更高，或无云。,,,13.0,-8.6,无降水,12,,,,
11.03.2022 02:00,0.1,670.1,760.3,,59,从北方吹来的风,1,,5,,霾 ,在整个相应周期内云遮住了一半或以下的天空,在整个相应周期内云遮住了一半或以下的天空,,19.9,,,2500或更高，或无云。,,,3.6,-7.0,无降水,12,,,,
10.03.2022 20:00,6.5,668.8,761.1,1.1,40,从西北偏北方向吹来的风,2,,6,,霾 ,在整个相应周期内云遮住了一半或以下的天空,在整个相应周期内云遮住了一半或以下的天空,,19.9,,,2500或更高，或无云。,,,4.5,-6.1,无降水,12,,,,
10.03.2022 17:00,19.1,667.7,758.0,-0.8,16,从南方吹来的风,1,,6,,云量发展情况没有进行观测或无法观测。 ,在整个相应周期内云遮住了一半或以下的天空,在整个相应周期内云遮住了一半或以下的天空,-4.8,19.9,,,2500或更高，或无云。,,,11.0,-7.3,无降水,12,,,,
10.03.2022 14:00,18.9,668.5,758.9,-2.0,21,从西南方吹来的风,3,,6,,云量发展情况没有进行观测或无法观测。 ,在整个相应周期内云遮住了一半或以下的天空,在整个相应周期内云遮住了一半或以下的天空,-4.8,18.9,,,2500或更高，或无云。,,,10.0,-3.9,无降水,12,,,,
10.03.2022 11:00,12.7,670.5,761.8,-0.1,34,从西南方吹来的风,1,,3,,云量发展情况没有进行观测或无法观测。 ,在整个相应周期内云遮住了一半或以下的天空,在整个相应周期内云遮住了一半或以下的天空,-4.8,,,,2500或更高，或无云。,,,10.0,-2.7,无降水,12,,,,
10.03.2022 08:00,-1.1,670.6,762.3,0.6,80,从西北偏北方向吹来的风,1,,4,,薄雾 ,在整个相应周期内云遮住了一半或以下的天空,在整个相应周期内云遮住了一半或以下的天空,-4.8,,,,2500或更高，或无云。,,,3.3,-4.1,无降水,12,,,,
10.03.2022 05:00,-2.8,670.0,761.1,0.0,78,从北方吹来的风,1,,7,,薄雾 ,,,-2.8,16.7,,,2500或更高，或无云。,,,4.6,-6.1,无降水,12,,,,
10.03.2022 02:00,-2.3,670.0,761.1,,72,从西北方吹来的风,1,,10,,薄雾 ,在整个相应周期内云遮住了一半或以下的天空,在整个相应周期内云遮住了一半或以下的天空,-3.6,16.7,,,2500或更高，或无云。,,,4.2,-6.7,无降水,12,,,,
09.03.2022 20:00,11.9,670.0,761.1,0.8,26,从西南偏西方向吹来的风,3,,10,,云量发展情况没有进行观测或无法观测。 ,在整个相应周期内云遮住了一半或以下的天空,在整个相应周期内云遮住了一半或以下的天空,,16.7,,,2500或更高，或无云。,,,10.0,-7.0,无降水,12,,,,
09.03.2022 17:00,16.3,669.2,760.0,-0.5,18,从西南偏南方向吹来的风,2,,,,云量发展情况没有进行观测或无法观测。 ,在整个相应周期内云遮住了一半或以下的天空,在整个相应周期内云遮住了一半或以下的天空,-3.6,17.1,,,2500或更高，或无云。,,,13.0,-8.1,无降水,12,,,,
09.03.2022 14:00,16.3,669.7,760.6,-2.1,15,从西南方吹来的风,4,,8,,云量发展情况没有进行观测或无法观测。 ,在整个相应周期内云遮住了一半或以下的天空,在整个相应周期内云遮住了一半或以下的天空,-3.6,17.6,,,2500或更高，或无云。,,,15.0,-10.4,无降水,12,,,,
09.03.2022 11:00,13.5,671.8,763.7,-0.6,14,从南方吹来的风,2,,4,,云量发展情况没有进行观测或无法观测。 ,在整个相应周期内云遮住了一半或以下的天空,在整个相应周期内云遮住了一半或以下的天空,-3.6,17.6,,,2500或更高，或无云。,,,16.0,-13.5,无降水,12,,,,
09.03.2022 08:00,1.3,672.4,765.4,1.0,50,从北方吹来的风,0,,3,,霾 ,在整个相应周期内云遮住了一半或以下的天空,在整个相应周期内云遮住了一半或以下的天空,-3.6,,,,2500或更高，或无云。,,,5.0,-8.0,无降水,12,,,,
09.03.2022 05:00,-1.7,671.4,762.4,-0.7,51,从西北偏西方向吹来的风,1,,5,,云量发展情况没有进行观测或无法观测。 ,,,-7.9,17.6,,,2500或更高，或无云。,,,15.0,-10.5,无降水,12,,,,
09.03.2022 02:00,-2.5,672.1,763.6,,50,从西方吹来的风,1,,7,,云量发展情况没有进行观测或无法观测。 ,在整个相应周期内云遮住了一半或以下的天空,在整个相应周期内云遮住了一半或以下的天空,,17.6,,,2500或更高，或无云。,,,10.0,-11.5,无降水,12,,,,
08.03.2022 20:00,3.3,671.0,764.5,1.3,27,从北方吹来的风,1,,7,,云量发展情况没有进行观测或无法观测。 ,在整个相应周期内云遮住了一半或以下的天空,在整个相应周期内云遮住了一半或以下的天空,,17.6,,,2500或更高，或无云。,,,9.0,-13.9,无降水,12,,,,
08.03.2022 17:00,17.1,669.7,761.4,-0.2,10,从西北方吹来的风,3,,7,,云量发展情况没有进行观测或无法观测。 ,在整个相应周期内云遮住了一半或以下的天空,在整个相应周期内云遮住了一半或以下的天空,-7.9,17.6,,,2500或更高，或无云。,,,30.0,-14.8,无降水,12,,,,
08.03.2022 14:00,15.3,669.9,761.5,-1.4,11,从西方吹来的风,3,,6,,云量发展情况没有进行观测或无法观测。 ,在整个相应周期内云遮住了一半或以下的天空,在整个相应周期内云遮住了一半或以下的天空,-7.9,15.5,,,2500或更高，或无云。,,,21.0,-15.0,无降水,12,,,,
08.03.2022 11:00,9.3,671.3,763.9,0.4,18,从西南方吹来的风,2,,4,,云量发展情况没有进行观测或无法观测。 ,在整个相应周期内云遮住了一半或以下的天空,在整个相应周期内云遮住了一半或以下的天空,-7.9,12.0,,,2500或更高，或无云。,,,13.0,-13.8,无降水,12,,,,
08.03.2022 08:00,-2.9,670.9,765.1,1.1,52,从东方吹来的风,1,,3,,霾 ,在整个相应周期内云遮住了一半或以下的天空,在整个相应周期内云遮住了一半或以下的天空,-7.9,,,,2500或更高，或无云。,,,5.0,-11.6,无降水,12,,,,
08.03.2022 05:00,-7.0,669.8,762.5,-0.5,58,从西北方吹来的风,1,,5,,云量发展情况没有进行观测或无法观测。 ,,,-8.2,12.0,,,2500或更高，或无云。,,,21.0,-13.9,无降水,12,,,,
08.03.2022 02:00,-5.2,670.3,762.9,,48,从西北方吹来的风,2,,7,,云量发展情况没有进行观测或无法观测。 ,在整个相应周期内云遮住了一半或以下的天空,在整个相应周期内云遮住了一半或以下的天空,-8.2,12.0,,,2500或更高，或无云。,,,11.0,-14.5,无降水,12,,,,
07.03.2022 20:00,-0.3,670.7,765.1,-0.4,32,从北方吹来的风,1,,8,,云量发展情况没有进行观测或无法观测。 ,在整个相应周期内云遮住了一半或以下的天空,在整个相应周期内云遮住了一半或以下的天空,-8.2,12.0,,,2500或更高，或无云。,,,13.0,-15.0,无降水,12,,,,
07.03.2022 17:00,11.2,671.1,763.8,-1.3,12,从南方吹来的风,3,,8,,云量发展情况没有进行观测或无法观测。 ,在整个相应周期内云遮住了一半或以下的天空,在整个相应周期内云遮住了一半或以下的天空,-8.2,12.4,,,2500或更高，或无云。,,,30.0,-17.2,无降水,12,,,,
07.03.2022 14:00,10.6,672.4,764.6,-1.8,14,从西北偏西方向吹来的风,2,,8,,云量发展情况没有进行观测或无法观测。 ,在整个相应周期内云遮住了一半或以下的天空,在整个相应周期内云遮住了一半或以下的天空,-8.2,14.2,,,2500或更高，或无云。,,,30.0,-15.8,无降水,12,,,,
07.03.2022 11:00,6.5,674.2,766.6,-0.1,20,从西南方吹来的风,3,,6,,云量发展情况没有进行观测或无法观测。 ,在整个相应周期内云遮住了一半或以下的天空,在整个相应周期内云遮住了一半或以下的天空,-8.2,,,,2500或更高，或无云。,,,27.0,-14.9,无降水,12,,,,
07.03.2022 08:00,-4.3,674.3,767.8,0.3,56,从北方吹来的风,0,,11,,云量发展情况没有进行观测或无法观测。 ,在整个相应周期内云遮住了一半或以下的天空,在整个相应周期内云遮住了一半或以下的天空,-8.2,,,,2500或更高，或无云。,,,9.0,-11.8,无降水,12,,,,
07.03.2022 05:00,-6.2,674.0,766.9,0.2,54,从西北偏北方向吹来的风,2,,13,,云量发展情况没有进行观测或无法观测。 ,,,-11.3,14.2,,,2500或更高，或无云。,,,30.0,-14.2,无降水,12,,,,
07.03.2022 02:00,-1.3,673.8,766.2,,39,从西北偏北方向吹来的风,2,,14,,云量发展情况没有进行观测或无法观测。 ,在整个相应周期内云遮住了一半或以下的天空,在整个相应周期内云遮住了一半或以下的天空,,14.2,,,2500或更高，或无云。,,,30.0,-13.5,无降水,12,,,,
06.03.2022 20:00,7.2,671.2,764.7,2.0,22,从西北偏北方向吹来的风,4,,14,,云量发展情况没有进行观测或无法观测。 ,在整个相应周期内云遮住了一半或以下的天空,在整个相应周期内云遮住了一半或以下的天空,,14.2,,,2500或更高，或无云。,,,18.0,-13.1,无降水,12,,,,
06.03.2022 17:00,12.5,669.2,762.4,-0.6,15,从西北偏西方向吹来的风,8,,,,云量发展情况没有进行观测或无法观测。 ,在整个相应周期内云遮住了一半或以下的天空,在整个相应周期内云遮住了一半或以下的天空,-12.1,14.2,,,2500或更高，或无云。,,,20.0,-13.4,无降水,12,,,,
06.03.2022 14:00,10.3,669.8,763.3,-2.4,15,从西南偏南方向吹来的风,2,,6,,云量发展情况没有进行观测或无法观测。 ,在整个相应周期内云遮住了一半或以下的天空,在整个相应周期内云遮住了一半或以下的天空,-12.1,10.3,,,2500或更高，或无云。,,,20.0,-15.2,无降水,12,,,,
06.03.2022 11:00,4.5,672.2,767.1,-0.9,18,从东南方吹来的风,2,,4,,云量发展情况没有进行观测或无法观测。 ,在整个相应周期内云遮住了一半或以下的天空,在整个相应周期内云遮住了一半或以下的天空,-12.1,6.2,,,2500或更高，或无云。,,,23.0,-17.8,无降水,12,,,,
06.03.2022 08:00,-6.7,673.1,769.0,0.3,56,从北方吹来的风,0,,2,,云量发展情况没有进行观测或无法观测。 ,在整个相应周期内云遮住了一半或以下的天空,在整个相应周期内云遮住了一半或以下的天空,-12.1,6.2,,,2500或更高，或无云。,,,9.0,-14.2,无降水,12,,,,
06.03.2022 05:00,-11.2,672.8,767.8,-0.9,64,从北方吹来的风,1,,5,,云量发展情况没有进行观测或无法观测。 ,,,-12.1,6.2,,,2500或更高，或无云。,,,27.0,-16.8,无降水,12,,,,
06.03.2022 02:00,-10.9,673.7,768.9,,60,从北方吹来的风,1,,7,,云量发展情况没有进行观测或无法观测。 ,在整个相应周期内云遮住了一半或以下的天空,在整个相应周期内云遮住了一半或以下的天空,-13.7,6.2,,,2500或更高，或无云。,,,21.0,-17.3,无降水,12,,,,
05.03.2022 20:00,-3.9,674.0,769.9,0.4,29,从东北偏东方向吹来的风,2,,9,,云量发展情况没有进行观测或无法观测。 ,在整个相应周期内云遮住了一半或以下的天空,在整个相应周期内云遮住了一半或以下的天空,-13.7,6.2,,,2500或更高，或无云。,,,18.0,-19.3,无降水,12,,,,
05.03.2022 17:00,5.4,673.6,768.7,-0.8,12,从西南方吹来的风,3,,9,,云量发展情况没有进行观测或无法观测。 ,在整个相应周期内云遮住了一半或以下的天空,在整个相应周期内云遮住了一半或以下的天空,-13.7,6.2,,,2500或更高，或无云。,,,30.0,-21.8,无降水,12,,,,
05.03.2022 14:00,4.3,674.4,769.6,-1.7,12,从西北方吹来的风,4,,9,,云量发展情况没有进行观测或无法观测。 ,在整个相应周期内云遮住了一半或以下的天空,在整个相应周期内云遮住了一半或以下的天空,-13.7,4.5,,,2500或更高，或无云。,,,30.0,-22.6,无降水,12,,,,
05.03.2022 11:00,0.0,676.1,771.4,0.5,16,从西北偏西方向吹来的风,4,,7,,云量发展情况没有进行观测或无法观测。 ,在整个相应周期内云遮住了一半或以下的天空,在整个相应周期内云遮住了一半或以下的天空,-13.7,4.0,,,2500或更高，或无云。,,,30.0,-22.9,无降水,12,,,,
05.03.2022 08:00,-6.4,675.6,771.0,1.7,32,从西方吹来的风,3,,6,,云量发展情况没有进行观测或无法观测。 ,在整个相应周期内云遮住了一半或以下的天空,在整个相应周期内云遮住了一半或以下的天空,-13.7,4.0,,,2500或更高，或无云。,,,30.0,-20.4,无降水,12,,,,
05.03.2022 05:00,-11.6,673.9,769.6,0.3,46,从北方吹来的风,3,,11,,云量发展情况没有进行观测或无法观测。 ,,,-13.7,4.0,,,2500或更高，或无云。,,,26.0,-20.9,无降水,12,,,,
05.03.2022 02:00,-10.1,673.6,768.8,,43,从西北偏西方向吹来的风,1,,,,云量发展情况没有进行观测或无法观测。 ,在整个相应周期内云遮住了一半或以下的天空,在整个相应周期内云遮住了一半或以下的天空,-11.1,6.2,,,2500或更高，或无云。,,,30.0,-20.3,无降水,12,,,,
04.03.2022 20:00,0.3,672.2,766.0,1.4,16,从西方吹来的风,4,,14,,云量发展情况没有进行观测或无法观测。 ,在整个相应周期内云遮住了一半或以下的天空,在整个相应周期内云遮住了一半或以下的天空,-0.2,7.7,,,2500或更高，或无云。,,,30.0,-22.6,无降水,12,,,,
04.03.2022 17:00,3.1,670.8,763.2,-0.5,11,从西北方吹来的风,6,,17,,云量发展情况没有进行观测或无法观测。 ,在整个相应周期内云遮住了一半或以下的天空,在整个相应周期内云遮住了一半或以下的天空,-0.2,10.1,,,2500或更高，或无云。,,,30.0,-24.6,无降水,12,,,,
04.03.2022 14:00,3.2,671.3,763.3,-1.1,13,从西北偏西方向吹来的风,6,,17,,云量发展情况没有进行观测或无法观测。 ,在整个相应周期内云遮住了一半或以下的天空,在整个相应周期内云遮住了一半或以下的天空,-0.2,10.8,,,2500或更高，或无云。,,,30.0,-22.6,无降水,12,,,,
04.03.2022 11:00,0.9,672.4,764.6,2.1,19,从西北方吹来的风,6,,17,,云量发展情况没有进行观测或无法观测。 ,在整个相应周期内云遮住了一半或以下的天空,在整个相应周期内云遮住了一半或以下的天空,-0.2,10.8,,,2500或更高，或无云。,,,17.0,-20.1,无降水,12,,,,
04.03.2022 08:00,0.0,670.3,762.7,3.0,31,从西北偏北方向吹来的风,6,,17,,云量发展情况没有进行观测或无法观测。 ,在整个相应周期内云遮住了一半或以下的天空,在整个相应周期内云遮住了一半或以下的天空,-8.6,10.8,,,2500或更高，或无云。,,,10.0,-15.1,无降水,12,,,,
04.03.2022 05:00,3.7,667.3,757.9,-0.1,50,从西方吹来的风,5,,14,,霾 ,,,,10.8,,,2500或更高，或无云。,,,4.0,-6.0,无降水,12,,,,
04.03.2022 02:00,6.1,667.4,757.6,,26,从西方吹来的风,4,,15,,霾 ,在整个相应周期内云遮住了一半或以下的天空,在整个相应周期内云遮住了一半或以下的天空,,10.8,,,2500或更高，或无云。,,,2.2,-12.0,无降水,12,,,,
03.03.2022 20:00,6.9,667.0,760.3,0.7,17,从西方吹来的风,3,,15,,云量发展情况没有进行观测或无法观测。 ,在整个相应周期内云遮住了一半或以下的天空,在整个相应周期内云遮住了一半或以下的天空,,10.8,,,2500或更高，或无云。,,,8.0,-16.5,无降水,12,,,,
03.03.2022 17:00,10.1,666.3,759.4,-1.0,9,从西方吹来的风,6,,15,,云量发展情况没有进行观测或无法观测。 ,在整个相应周期内云遮住了一半或以下的天空,在整个相应周期内云遮住了一半或以下的天空,-12.9,10.8,,,2500或更高，或无云。,,,27.0,-21.4,无降水,12,,,,
03.03.2022 14:00,10.4,667.3,760.4,-2.1,10,从西方吹来的风,7,,12,,云量发展情况没有进行观测或无法观测。 ,在整个相应周期内云遮住了一半或以下的天空,在整个相应周期内云遮住了一半或以下的天空,-12.9,10.5,,,2500或更高，或无云。,,,17.0,-19.9,无降水,12,,,,
03.03.2022 11:00,6.7,669.4,763.2,-0.6,16,从西南偏西方向吹来的风,5,,7,,云量发展情况没有进行观测或无法观测。 ,在整个相应周期内云遮住了一半或以下的天空,在整个相应周期内云遮住了一半或以下的天空,-12.9,8.7,,,2500或更高，或无云。,,,13.0,-17.4,无降水,12,,,,
03.03.2022 08:00,-8.8,670.0,765.5,0.5,67,从东南方吹来的风,1,,3,,云量发展情况没有进行观测或无法观测。 ,在整个相应周期内云遮住了一半或以下的天空,在整个相应周期内云遮住了一半或以下的天空,-12.9,,,,2500或更高，或无云。,,,10.0,-13.8,无降水,12,,,,
03.03.2022 05:00,-11.2,669.5,763.6,-0.8,70,从西北方吹来的风,1,,9,,云量发展情况没有进行观测或无法观测。 ,,,-13.8,8.7,,,2500或更高，或无云。,,,15.0,-15.6,无降水,12,,,,
03.03.2022 02:00,-10.7,670.3,764.4,,66,从西方吹来的风,1,,9,,云量发展情况没有进行观测或无法观测。 ,在整个相应周期内云遮住了一半或以下的天空,在整个相应周期内云遮住了一半或以下的天空,-13.8,8.7,,,2500或更高，或无云。,,,14.0,-15.8,无降水,12,,,,
02.03.2022 20:00,-1.9,671.1,766.3,0.9,31,从东北方吹来的风,2,,9,,云量发展情况没有进行观测或无法观测。 ,在整个相应周期内云遮住了一半或以下的天空,在整个相应周期内云遮住了一半或以下的天空,,8.7,,,2500或更高，或无云。,,,27.0,-16.8,无降水,12,,,,
02.03.2022 17:00,7.7,670.2,764.8,-1.0,13,从西南偏西方向吹来的风,5,,9,,云量发展情况没有进行观测或无法观测。 ,在整个相应周期内云遮住了一半或以下的天空,在整个相应周期内云遮住了一半或以下的天空,-13.8,8.7,,,2500或更高，或无云。,,,30.0,-19.0,无降水,12,,,,
02.03.2022 14:00,7.4,671.2,765.7,-1.7,15,从西南偏西方向吹来的风,3,,7,,云量发展情况没有进行观测或无法观测。 ,在整个相应周期内云遮住了一半或以下的天空,在整个相应周期内云遮住了一半或以下的天空,-13.8,7.6,,,2500或更高，或无云。,,,30.0,-17.6,无降水,12,,,,
02.03.2022 11:00,3.3,672.9,767.8,0.2,21,从西方吹来的风,3,,6,,云量发展情况没有进行观测或无法观测。 ,在整个相应周期内云遮住了一半或以下的天空,在整个相应周期内云遮住了一半或以下的天空,-13.8,3.8,,,2500或更高，或无云。,,,21.0,-17.0,无降水,12,,,,
02.03.2022 08:00,-6.7,672.7,768.0,0.5,56,从西北偏西方向吹来的风,1,,4,,云量发展情况没有进行观测或无法观测。 ,在整个相应周期内云遮住了一半或以下的天空,在整个相应周期内云遮住了一半或以下的天空,-13.8,3.8,,,2500或更高，或无云。,,,17.0,-14.2,无降水,12,,,,
02.03.2022 05:00,-13.7,672.2,767.9,-0.5,77,从西北偏北方向吹来的风,0,,8,,云量发展情况没有进行观测或无法观测。 ,,,-14.3,3.8,,,2500或更高，或无云。,,,13.0,-16.9,无降水,12,,,,
02.03.2022 02:00,-12.2,672.7,768.2,,74,从东北偏北方向吹来的风,1,,10,,云量发展情况没有进行观测或无法观测。 ,在整个相应周期内云遮住了一半或以下的天空,在整个相应周期内云遮住了一半或以下的天空,-14.3,3.8,,,2500或更高，或无云。,,,14.0,-15.9,无降水,12,,,,
01.03.2022 20:00,-1.3,673.3,769.3,0.4,29,从西方吹来的风,2,,10,,云量发展情况没有进行观测或无法观测。 ,在整个相应周期内云遮住了一半或以下的天空,在整个相应周期内云遮住了一半或以下的天空,-14.3,3.8,,,2500或更高，或无云。,,,30.0,-17.1,无降水,12,,,,
01.03.2022 17:00,3.4,672.9,768.0,-1.5,20,从西方吹来的风,4,,10,,云量发展情况没有进行观测或无法观测。 ,在整个相应周期内云遮住了一半或以下的天空,在整个相应周期内云遮住了一半或以下的天空,-14.3,3.8,,,2500或更高，或无云。,,,30.0,-17.4,无降水,12,,,,
01.03.2022 14:00,2.8,674.4,769.1,-2.6,23,从西方吹来的风,4,,9,,云量发展情况没有进行观测或无法观测。 ,在整个相应周期内云遮住了一半或以下的天空,在整个相应周期内云遮住了一半或以下的天空,-14.3,8.5,,,2500或更高，或无云。,,,30.0,-16.3,无降水,12,,,,
01.03.2022 11:00,-1.1,677.0,772.5,-0.4,30,从西北偏西方向吹来的风,3,,8,,云量发展情况没有进行观测或无法观测。 ,在整个相应周期内云遮住了一半或以下的天空,在整个相应周期内云遮住了一半或以下的天空,-14.3,,,,2500或更高，或无云。,,,30.0,-16.5,无降水,12,,,,
01.03.2022 08:00,-9.7,677.4,774.1,0.1,74,从北方吹来的风,1,,15,,云量发展情况没有进行观测或无法观测。 ,在整个相应周期内云遮住了一半或以下的天空,在整个相应周期内云遮住了一半或以下的天空,-14.3,,,,2500或更高，或无云。,,,14.0,-13.5,无降水,12,,,,
01.03.2022 05:00,-10.2,677.3,773.5,-0.5,72,从西南方吹来的风,1,,17,,云量发展情况没有进行观测或无法观测。 ,,,-10.2,8.5,,,2500或更高，或无云。,,,30.0,-14.4,无降水,12,,,,
01.03.2022 02:00,-6.1,677.8,772.0,,61,从西方吹来的风,1,,19,,云量发展情况没有进行观测或无法观测。 ,在整个相应周期内云遮住了一半或以下的天空,在整个相应周期内云遮住了一半或以下的天空,-6.3,8.5,,,2500或更高，或无云。,,,30.0,-12.4,无降水,12,,,,
28.02.2022 20:00,-2.3,675.1,770.1,2.6,53,从西北偏北方向吹来的风,8,,19,,云量发展情况没有进行观测或无法观测。 ,在整个相应周期内云遮住了一半或以下的天空,在整个相应周期内云遮住了一半或以下的天空,-2.5,8.5,,,2500或更高，或无云。,,,30.0,-10.6,无降水,12,,,,
28.02.2022 17:00,1.1,672.5,765.9,2.5,39,从北方吹来的风,10,,19,,云量发展情况没有进行观测或无法观测。 ,在整个相应周期内云遮住了一半或以下的天空,在整个相应周期内云遮住了一半或以下的天空,-2.5,10.9,,,2500或更高，或无云。,,,18.0,-11.3,无降水,12,,,,
28.02.2022 14:00,8.3,670.0,762.1,0.3,20,从西北偏西方向吹来的风,7,,12,,云量发展情况没有进行观测或无法观测。 ,在整个相应周期内云遮住了一半或以下的天空,在整个相应周期内云遮住了一半或以下的天空,-2.5,11.3,,,2500或更高，或无云。,,,12.0,-13.3,无降水,12,,,,
28.02.2022 11:00,6.9,669.7,761.8,0.2,25,从西方吹来的风,5,,9,,云量发展情况没有进行观测或无法观测。 ,在整个相应周期内云遮住了一半或以下的天空,在整个相应周期内云遮住了一半或以下的天空,-2.5,11.3,,,2500或更高，或无云。,,,20.0,-11.8,无降水,12,,,,
28.02.2022 08:00,-1.8,669.5,763.3,0.8,72,从北方吹来的风,1,,6,,云量发展情况没有进行观测或无法观测。 ,在整个相应周期内云遮住了一半或以下的天空,在整个相应周期内云遮住了一半或以下的天空,,,,,2500或更高，或无云。,,,10.0,-6.2,无降水,12,,,,
28.02.2022 05:00,1.4,668.7,759.8,-0.7,54,从东南偏南方向吹来的风,2,,6,,云量发展情况没有进行观测或无法观测。 ,,,,11.3,,,2500或更高，或无云。,,,12.0,-6.9,无降水,12,,,,
28.02.2022 02:00,-1.0,669.4,761.3,,55,从西方吹来的风,0,,4,,云量发展情况没有进行观测或无法观测。 ,在整个相应周期内云遮住了一半或以下的天空,在整个相应周期内云遮住了一半或以下的天空,,11.3,,,2500或更高，或无云。,,,14.0,-9.1,无降水,12,,,,
27.02.2022 20:00,-0.3,669.4,764.8,,46,从东北偏东方向吹来的风,1,,5,,云量发展情况没有进行观测或无法观测。 ,在整个相应周期内云遮住了一半或以下的天空,在整个相应周期内云遮住了一半或以下的天空,,11.3,,,2500或更高，或无云。,,,10.0,-10.5,无降水,12,,,,
27.02.2022 17:00,10.9,668.5,762.3,,12,从南方吹来的风,2,,5,, ,,,-14.8,11.3,,,,,,28.0,-17.4,无降水,6,,,,
27.02.2022 14:00,9.5,670.0,763.9,,15,从南方吹来的风,2,,5,,云量发展情况没有进行观测或无法观测。 ,在整个相应周期内云遮住了一半或以下的天空,在整个相应周期内云遮住了一半或以下的天空,-14.8,,,,2500或更高，或无云。,,,24.0,-15.9,无降水,12,,,,
27.02.2022 11:00,4.9,672.4,766.9,,22,从西南偏南方向吹来的风,1,,3,, ,,,-14.8,5.2,,,,,,25.0,-15.0,无降水,6,,,,
27.02.2022 08:00,-11.0,672.8,768.5,0.2,83,从西北偏北方向吹来的风,1,,4,,薄雾 ,在整个相应周期内云遮住了一半或以下的天空,在整个相应周期内云遮住了一半或以下的天空,-14.8,5.2,,,2500或更高，或无云。,,,6.0,-13.3,无降水,12,,,,
27.02.2022 05:00,-13.4,672.6,768.0,-0.3,80,从北方吹来的风,0,,8,,云量发展情况没有进行观测或无法观测。 ,,,-15.2,5.2,,,2500或更高，或无云。,,,14.0,-16.1,无降水,12,,,,
27.02.2022 02:00,-11.6,672.9,768.1,,77,从东北偏北方向吹来的风,1,,10,,云量发展情况没有进行观测或无法观测。 ,在整个相应周期内云遮住了一半或以下的天空,在整个相应周期内云遮住了一半或以下的天空,-15.2,5.2,,,2500或更高，或无云。,,,12.0,-14.8,无降水,12,,,,
26.02.2022 20:00,1.1,673.6,769.1,-0.1,26,从西南偏西方向吹来的风,2,,11,,云量发展情况没有进行观测或无法观测。 ,在整个相应周期内云遮住了一半或以下的天空,在整个相应周期内云遮住了一半或以下的天空,,5.2,,,2500或更高，或无云。,,,21.0,-16.3,无降水,12,,,,
26.02.2022 17:00,4.8,673.7,768.7,-1.3,20,从西方吹来的风,4,,11,,云量发展情况没有进行观测或无法观测。 ,在整个相应周期内云遮住了一半或以下的天空,在整个相应周期内云遮住了一半或以下的天空,-15.2,7.2,,,2500或更高，或无云。,,,30.0,-16.3,无降水,12,,,,
26.02.2022 14:00,4.0,675.0,769.4,-1.8,20,从西北偏西方向吹来的风,4,,11,,云量发展情况没有进行观测或无法观测。 ,在整个相应周期内云遮住了一半或以下的天空,在整个相应周期内云遮住了一半或以下的天空,-15.2,8.3,,,2500或更高，或无云。,,,30.0,-16.9,无降水,12,,,,
26.02.2022 11:00,0.2,676.8,771.6,0.1,31,从西南偏西方向吹来的风,2,,10,,云量发展情况没有进行观测或无法观测。 ,在整个相应周期内云遮住了一半或以下的天空,在整个相应周期内云遮住了一半或以下的天空,-15.2,8.3,,,2500或更高，或无云。,,,25.0,-14.9,无降水,12,,,,
26.02.2022 08:00,-9.0,676.7,772.2,0.9,62,从西方吹来的风,2,,11,,云量发展情况没有进行观测或无法观测。 ,在整个相应周期内云遮住了一半或以下的天空,在整个相应周期内云遮住了一半或以下的天空,-15.2,8.3,,,2500或更高，或无云。,,,17.0,-15.1,无降水,12,,,,
26.02.2022 05:00,-9.9,675.8,770.6,0.4,66,从西方吹来的风,2,,12,,云量发展情况没有进行观测或无法观测。 ,,,,8.3,,,2500或更高，或无云。,,,30.0,-15.2,无降水,12,,,,
26.02.2022 02:00,-5.6,675.4,769.4,,50,从北方吹来的风,2,,15,,云量发展情况没有进行观测或无法观测。 ,在整个相应周期内云遮住了一半或以下的天空,在整个相应周期内云遮住了一半或以下的天空,,8.3,,,2500或更高，或无云。,,,30.0,-14.4,无降水,12,,,,
25.02.2022 20:00,3.4,671.9,767.6,0.7,20,从西南偏西方向吹来的风,3,,15,,云量发展情况没有进行观测或无法观测。 ,在整个相应周期内云遮住了一半或以下的天空,在整个相应周期内云遮住了一半或以下的天空,,8.3,,,2500或更高，或无云。,,,21.0,-17.4,无降水,12,,,,
25.02.2022 17:00,7.2,671.2,766.4,-0.7,16,从西方吹来的风,6,,15,,云量发展情况没有进行观测或无法观测。 ,在整个相应周期内云遮住了一半或以下的天空,在整个相应周期内云遮住了一半或以下的天空,-16.5,8.3,,,2500或更高，或无云。,,,29.0,-17.0,无降水,12,,,,
25.02.2022 14:00,7.1,671.9,766.5,-2.6,22,从西南方吹来的风,3,,7,,云量发展情况没有进行观测或无法观测。 ,在整个相应周期内云遮住了一半或以下的天空,在整个相应周期内云遮住了一半或以下的天空,-16.5,7.1,,,2500或更高，或无云。,,,20.0,-13.2,无降水,12,,,,
25.02.2022 11:00,1.2,674.5,769.9,-0.6,36,从南方吹来的风,1,,3,,云量发展情况没有进行观测或无法观测。 ,在整个相应周期内云遮住了一半或以下的天空,在整个相应周期内云遮住了一半或以下的天空,-16.5,4.4,,,2500或更高，或无云。,,,10.0,-12.2,无降水,12,,,,
25.02.2022 08:00,-13.9,675.1,772.7,0.8,84,从北方吹来的风,0,,3,,薄雾 ,在整个相应周期内云遮住了一半或以下的天空,在整个相应周期内云遮住了一半或以下的天空,-17.4,,,,2500或更高，或无云。,,,6.0,-16.0,无降水,12,,,,
25.02.2022 05:00,-15.3,674.3,770.4,-0.5,81,从西北方吹来的风,1,,3,,薄雾 ,,,-19.4,4.4,,,2500或更高，或无云。,,,6.0,-17.8,无降水,12,,,,
25.02.2022 02:00,-11.5,674.8,770.5,,82,从西北方吹来的风,1,,5,,薄雾 ,在整个相应周期内云遮住了一半或以下的天空,在整个相应周期内云遮住了一半或以下的天空,,4.4,,,2500或更高，或无云。,,,5.0,-14.0,无降水,12,,,,
24.02.2022 20:00,-4.3,675.4,773.8,0.1,64,从西北偏西方向吹来的风,1,,5,,霾 ,在整个相应周期内云遮住了一半或以下的天空,在整个相应周期内云遮住了一半或以下的天空,,4.4,,,2500或更高，或无云。,,,6.0,-10.1,无降水,12,,,,
24.02.2022 17:00,4.4,675.3,771.9,-1.2,28,从南方吹来的风,2,,5,,云量发展情况没有进行观测或无法观测。 ,在整个相应周期内云遮住了一半或以下的天空,在整个相应周期内云遮住了一半或以下的天空,-19.4,4.4,,,2500或更高，或无云。,,,18.0,-12.5,无降水,12,,,,
24.02.2022 14:00,2.6,676.5,773.2,-2.1,33,从南方吹来的风,2,,5,,云量发展情况没有进行观测或无法观测。 ,在整个相应周期内云遮住了一半或以下的天空,在整个相应周期内云遮住了一半或以下的天空,-19.4,2.6,,,2500或更高，或无云。,,,17.0,-12.1,无降水,12,,,,
24.02.2022 11:00,-2.0,678.6,776.7,-0.4,35,从西南方吹来的风,1,,2,,云量发展情况没有进行观测或无法观测。 ,在整个相应周期内云遮住了一半或以下的天空,在整个相应周期内云遮住了一半或以下的天空,-19.4,-0.7,,,2500或更高，或无云。,,,15.0,-15.4,无降水,12,,,,
24.02.2022 08:00,-17.6,679.0,779.1,0.6,85,从西北偏北方向吹来的风,1,,2,,薄雾 ,在整个相应周期内云遮住了一半或以下的天空,在整个相应周期内云遮住了一半或以下的天空,-19.4,-0.7,,,2500或更高，或无云。,,,6.0,-19.6,无降水,12,,,,
24.02.2022 05:00,-17.2,678.4,776.5,-0.5,80,从西北偏西方向吹来的风,2,,2,,云量发展情况没有进行观测或无法观测。 ,,,-23.4,-0.7,,,2500或更高，或无云。,,,12.0,-19.8,无降水,12,,,,
24.02.2022 02:00,-15.3,678.9,776.9,,76,从西北方吹来的风,1,,5,,云量发展情况没有进行观测或无法观测。 ,在整个相应周期内云遮住了一半或以下的天空,在整个相应周期内云遮住了一半或以下的天空,,-0.7,,,2500或更高，或无云。,,,11.0,-18.6,无降水,12,,,,
23.02.2022 20:00,-10.3,679.4,779.9,0.4,67,从北方吹来的风,1,,5,,云量发展情况没有进行观测或无法观测。 ,在整个相应周期内云遮住了一半或以下的天空,在整个相应周期内云遮住了一半或以下的天空,,-0.7,,,2500或更高，或无云。,,,9.0,-15.4,无降水,12,,,,
23.02.2022 17:00,-1.0,679.0,778.4,-0.7,30,从南方吹来的风,2,,5,,云量发展情况没有进行观测或无法观测。 ,在整个相应周期内云遮住了一半或以下的天空,在整个相应周期内云遮住了一半或以下的天空,-23.4,-0.7,,,2500或更高，或无云。,,,24.0,-16.4,无降水,12,,,,
23.02.2022 14:00,-2.3,679.7,778.8,-1.8,32,从南方吹来的风,2,,5,,云量发展情况没有进行观测或无法观测。 ,在整个相应周期内云遮住了一半或以下的天空,在整个相应周期内云遮住了一半或以下的天空,-23.4,-2.2,,,2500或更高，或无云。,,,22.0,-16.8,无降水,12,,,,
23.02.2022 11:00,-5.9,681.5,781.3,-0.5,40,从西南偏西方向吹来的风,1,,4,,云量发展情况没有进行观测或无法观测。 ,在整个相应周期内云遮住了一半或以下的天空,在整个相应周期内云遮住了一半或以下的天空,-23.4,-4.2,,,2500或更高，或无云。,,,21.0,-17.3,无降水,12,,,,
23.02.2022 08:00,-18.9,682.0,783.6,0.7,83,从西北偏西方向吹来的风,1,,3,,薄雾 ,在整个相应周期内云遮住了一半或以下的天空,在整个相应周期内云遮住了一半或以下的天空,-23.4,-4.2,,,2500或更高，或无云。,,,5.0,-21.1,无降水,12,,,,
23.02.2022 05:00,-23.3,681.3,781.8,-0.5,75,从西北偏北方向吹来的风,1,,5,,云量发展情况没有进行观测或无法观测。 ,,,-25.4,-4.2,,,2500或更高，或无云。,,,12.0,-26.5,无降水,12,,,,
23.02.2022 02:00,-19.7,681.8,781.8,,80,从西北偏西方向吹来的风,1,,5,,云量发展情况没有进行观测或无法观测。 ,在整个相应周期内云遮住了一半或以下的天空,在整个相应周期内云遮住了一半或以下的天空,-25.4,-4.2,,,2500或更高，或无云。,,,8.0,-22.3,无降水,12,,,,
22.02.2022 20:00,-14.0,681.3,783.5,0.4,66,从东北方吹来的风,1,,6,,云量发展情况没有进行观测或无法观测。 ,在整个相应周期内云遮住了一半或以下的天空,在整个相应周期内云遮住了一半或以下的天空,-25.4,-4.2,,,2500或更高，或无云。,,,16.0,-19.1,无降水,12,,,,
22.02.2022 17:00,-4.9,680.9,781.3,-0.8,39,从南方吹来的风,3,,6,,云量发展情况没有进行观测或无法观测。 ,在整个相应周期内云遮住了一半或以下的天空,在整个相应周期内云遮住了一半或以下的天空,-25.4,-4.2,,,2500或更高，或无云。,,,26.0,-17.0,无降水,12,,,,
22.02.2022 14:00,-5.5,681.7,781.9,-1.6,35,从西方吹来的风,2,,6,,云量发展情况没有进行观测或无法观测。 ,在整个相应周期内云遮住了一半或以下的天空,在整个相应周期内云遮住了一半或以下的天空,-25.4,-3.4,,,2500或更高，或无云。,,,28.0,-18.5,无降水,12,,,,
22.02.2022 11:00,-9.1,683.3,783.2,0.3,44,从南方吹来的风,2,,4,,云量发展情况没有进行观测或无法观测。 ,在整个相应周期内云遮住了一半或以下的天空,在整个相应周期内云遮住了一半或以下的天空,-25.4,,,,2500或更高，或无云。,,,17.0,-19.1,无降水,12,,,,
22.02.2022 08:00,-22.4,683.0,784.7,0.7,80,从北方吹来的风,1,,6,,薄雾 ,在整个相应周期内云遮住了一半或以下的天空,在整个相应周期内云遮住了一半或以下的天空,-25.4,,,,2500或更高，或无云。,,,7.0,-24.9,无降水,12,,,,
22.02.2022 05:00,-22.5,682.3,782.7,-0.3,76,从西北偏西方向吹来的风,1,,10,,云量发展情况没有进行观测或无法观测。 ,,,-24.5,-3.4,,,2500或更高，或无云。,,,30.0,-25.6,无降水,12,,,,
22.02.2022 02:00,-20.7,682.6,782.7,,74,从西方吹来的风,1,,11,,云量发展情况没有进行观测或无法观测。 ,在整个相应周期内云遮住了一半或以下的天空,在整个相应周期内云遮住了一半或以下的天空,-23.4,-3.4,,,2500或更高，或无云。,,,30.0,-24.1,无降水,12,,,,
21.02.2022 20:00,-10.0,680.9,781.4,1.9,42,从北方吹来的风,4,,12,,云量发展情况没有进行观测或无法观测。 ,在整个相应周期内云遮住了一半或以下的天空,在整个相应周期内云遮住了一半或以下的天空,-23.4,-3.4,,,2500或更高，或无云。,,,30.0,-20.5,无降水,12,,,,
21.02.2022 17:00,-4.4,679.0,777.9,0.9,37,从西北偏北方向吹来的风,4,,12,,云量发展情况没有进行观测或无法观测。 ,在整个相应周期内云遮住了一半或以下的天空,在整个相应周期内云遮住了一半或以下的天空,-23.4,-3.4,,,2500或更高，或无云。,,,30.0,-16.9,无降水,12,,,,
21.02.2022 14:00,-4.3,678.1,776.8,-1.1,32,从西北偏西方向吹来的风,7,,12,,云量发展情况没有进行观测或无法观测。 ,在整个相应周期内云遮住了一半或以下的天空,在整个相应周期内云遮住了一半或以下的天空,-23.4,-4.0,,,2500或更高，或无云。,,,30.0,-18.5,无降水,12,,,,
21.02.2022 11:00,-8.5,679.2,777.9,0.5,40,从东南偏南方向吹来的风,2,,6,,云量发展情况没有进行观测或无法观测。 ,在整个相应周期内云遮住了一半或以下的天空,在整个相应周期内云遮住了一半或以下的天空,-23.4,-4.0,,,2500或更高，或无云。,,,12.0,-19.7,无降水,12,,,,
21.02.2022 08:00,-18.4,678.7,778.2,0.7,63,从西北偏西方向吹来的风,3,,8,,云量发展情况没有进行观测或无法观测。 ,在整个相应周期内云遮住了一半或以下的天空,在整个相应周期内云遮住了一半或以下的天空,-23.4,-4.0,,,2500或更高，或无云。,,,26.0,-23.7,无降水,12,,,,
21.02.2022 05:00,-17.7,678.0,776.8,-0.4,61,从西方吹来的风,3,,8,,云量发展情况没有进行观测或无法观测。 ,,,,-4.0,,,2500或更高，或无云。,,,30.0,-23.4,无降水,12,,,,
21.02.2022 02:00,-16.6,678.4,777.1,,55,从西北偏西方向吹来的风,2,,12,,云量发展情况没有进行观测或无法观测。 ,在整个相应周期内云遮住了一半或以下的天空,在整个相应周期内云遮住了一半或以下的天空,,-4.0,,,2500或更高，或无云。,,,30.0,-23.5,无降水,12,,,,
20.02.2022 20:00,-6.4,677.1,776.7,1.0,42,从西北偏北方向吹来的风,3,,12,,云量发展情况没有进行观测或无法观测。 ,在整个相应周期内云遮住了一半或以下的天空,在整个相应周期内云遮住了一半或以下的天空,,-4.0,,,2500或更高，或无云。,,,19.0,-17.2,无降水,12,,,,
20.02.2022 17:00,-4.7,676.1,776.5,-0.3,34,从西北偏西方向吹来的风,5,,12,,云量发展情况没有进行观测或无法观测。 ,在整个相应周期内云遮住了一半或以下的天空,在整个相应周期内云遮住了一半或以下的天空,-26.9,-4.0,,,2500或更高，或无云。,,,30.0,-18.2,无降水,12,,,,
20.02.2022 14:00,-4.2,676.4,776.2,-1.4,31,从西方吹来的风,5,,12,,云量发展情况没有进行观测或无法观测。 ,在整个相应周期内云遮住了一半或以下的天空,在整个相应周期内云遮住了一半或以下的天空,-26.9,-4.2,,,2500或更高，或无云。,,,30.0,-18.8,无降水,12,,,,
20.02.2022 11:00,-7.3,677.8,777.2,-0.6,35,从西方吹来的风,6,,9,,云量发展情况没有进行观测或无法观测。 ,在整个相应周期内云遮住了一半或以下的天空,在整个相应周期内云遮住了一半或以下的天空,-26.9,-6.0,,,2500或更高，或无云。,,,15.0,-20.2,无降水,12,,,,
20.02.2022 08:00,-20.1,678.4,779.5,0.2,62,从西方吹来的风,2,,5,,云量发展情况没有进行观测或无法观测。 ,在整个相应周期内云遮住了一半或以下的天空,在整个相应周期内云遮住了一半或以下的天空,-26.9,-6.0,,,2500或更高，或无云。,,,19.0,-25.5,无降水,12,,,,
20.02.2022 05:00,-26.2,678.2,779.4,-1.0,74,从北方吹来的风,2,,11,,云量发展情况没有进行观测或无法观测。 ,,,-29.9,-6.0,,,2500或更高，或无云。,,,27.0,-29.5,无降水,12,,,,
20.02.2022 02:00,-24.2,679.2,780.0,,70,从西方吹来的风,1,,15,,云量发展情况没有进行观测或无法观测。 ,在整个相应周期内云遮住了一半或以下的天空,在整个相应周期内云遮住了一半或以下的天空,,-6.0,,,2500或更高，或无云。,,,17.0,-28.1,无降水,12,,,,
19.02.2022 20:00,-13.3,680.0,782.0,1.1,51,从北方吹来的风,2,,15,,云量发展情况没有进行观测或无法观测。 ,在整个相应周期内云遮住了一半或以下的天空,在整个相应周期内云遮住了一半或以下的天空,,-6.0,,,2500或更高，或无云。,,,18.0,-21.3,无降水,12,,,,
19.02.2022 17:00,-7.2,678.9,780.6,-0.3,32,从西北偏西方向吹来的风,6,,15,,云量发展情况没有进行观测或无法观测。 ,在整个相应周期内云遮住了一半或以下的天空,在整个相应周期内云遮住了一半或以下的天空,-29.9,-6.0,,,2500或更高，或无云。,,,30.0,-21.1,无降水,12,,,,
19.02.2022 14:00,-6.9,679.2,779.1,-2.2,34,从西北偏西方向吹来的风,5,,10,,云量发展情况没有进行观测或无法观测。 ,在整个相应周期内云遮住了一半或以下的天空,在整个相应周期内云遮住了一半或以下的天空,-29.9,-3.6,,,2500或更高，或无云。,,,30.0,-20.1,无降水,12,,,,
19.02.2022 11:00,-11.4,681.4,781.6,-0.2,40,从西南偏西方向吹来的风,3,,6,,云量发展情况没有进行观测或无法观测。 ,在整个相应周期内云遮住了一半或以下的天空,在整个相应周期内云遮住了一半或以下的天空,-29.9,,,,2500或更高，或无云。,,,14.0,-22.3,无降水,12,,,,
19.02.2022 08:00,-22.8,681.6,783.6,0.1,74,从西北偏西方向吹来的风,2,,7,,云量发展情况没有进行观测或无法观测。 ,在整个相应周期内云遮住了一半或以下的天空,在整个相应周期内云遮住了一半或以下的天空,-29.9,,,,2500或更高，或无云。,,,15.0,-26.2,无降水,12,,,,
19.02.2022 05:00,-28.2,681.5,783.4,-0.7,75,从北方吹来的风,1,,9,,云量发展情况没有进行观测或无法观测。 ,,,-28.5,-3.6,,,2500或更高，或无云。,,,30.0,-31.3,无降水,12,,,,
19.02.2022 02:00,-19.6,682.2,782.0,,49,从西北偏西方向吹来的风,2,,10,,云量发展情况没有进行观测或无法观测。 ,在整个相应周期内云遮住了一半或以下的天空,在整个相应周期内云遮住了一半或以下的天空,-20.4,-3.6,,,2500或更高，或无云。,,,30.0,-27.6,无降水,12,,,,
18.02.2022 20:00,-12.3,680.9,780.1,1.9,34,从西北偏北方向吹来的风,4,,10,,云量发展情况没有进行观测或无法观测。 ,在整个相应周期内云遮住了一半或以下的天空,在整个相应周期内云遮住了一半或以下的天空,-12.3,-3.6,,,2500或更高，或无云。,,,30.0,-25.0,无降水,12,,,,
18.02.2022 17:00,-6.1,679.0,776.8,0.9,25,从西北偏北方向吹来的风,6,,10,,云量发展情况没有进行观测或无法观测。 ,在整个相应周期内云遮住了一半或以下的天空,在整个相应周期内云遮住了一半或以下的天空,-11.2,-3.6,,,2500或更高，或无云。,,,30.0,-23.0,无降水,12,,,,
18.02.2022 14:00,-4.3,678.1,775.0,-0.5,28,从西北方吹来的风,3,,9,,云量发展情况没有进行观测或无法观测。 ,在整个相应周期内云遮住了一半或以下的天空,在整个相应周期内云遮住了一半或以下的天空,-11.2,-3.7,,,2500或更高，或无云。,,,30.0,-20.1,0.8,12,,,,
18.02.2022 11:00,-5.0,678.6,775.9,1.6,40,从西北偏北方向吹来的风,5,,9,,云量发展情况没有进行观测或无法观测。 ,在整个相应周期内云遮住了一半或以下的天空,在整个相应周期内云遮住了一半或以下的天空,-11.2,-4.8,,,2500或更高，或无云。,,,24.0,-16.5,0.8,12,,,,
18.02.2022 08:00,-9.4,677.0,774.7,1.3,87,从南方吹来的风,1,,3,,薄雾 ,在整个相应周期内云遮住了一半或以下的天空,在整个相应周期内云遮住了一半或以下的天空,,-6.2,,,2500或更高，或无云。,,,3.0,-11.2,1,12,,,,
18.02.2022 05:00,-10.1,675.7,773.1,0.2,84,从东南方吹来的风,1,,5,,薄雾 ,,,,-6.2,,,2500或更高，或无云。,,,4.0,-12.3,1,12,,,,
18.02.2022 02:00,-8.0,675.5,772.5,,88,从西南偏西方向吹来的风,1,,5,,薄雾 ,在整个相应周期内云遮住了一半或以下的天空,在整个相应周期内云遮住了一半或以下的天空,,-6.2,,,2500或更高，或无云。,,,2.3,-9.6,,,,,,
17.02.2022 20:00,-7.4,674.2,773.2,0.6,81,从东南偏南方向吹来的风,2,,5,,薄雾 ,在整个相应周期内云遮住了一半或以下的天空,在整个相应周期内云遮住了一半或以下的天空,-20.1,-6.2,,,2500或更高，或无云。,,,4.8,-10.1,,,,,,
17.02.2022 17:00,-6.8,673.6,772.4,0.1,77,从东南偏东方向吹来的风,2,,5,,薄雾 ,在整个相应周期内云遮住了一半或以下的天空,在整个相应周期内云遮住了一半或以下的天空,-20.1,-6.2,,,2500或更高，或无云。,,,3.4,-10.2,无降水,12,,,,
17.02.2022 14:00,-6.6,673.5,771.0,-1.6,66,从东南偏东方向吹来的风,2,,4,,云量发展情况没有进行观测或无法观测。 ,在整个相应周期内云遮住了一半或以下的天空,在整个相应周期内云遮住了一半或以下的天空,-20.1,-6.6,,,2500或更高，或无云。,,,8.0,-11.9,无降水,12,,,,
17.02.2022 11:00,-9.5,675.1,773.1,0.0,51,从东南偏东方向吹来的风,3,,5,,云量发展情况没有进行观测或无法观测。 ,在整个相应周期内云遮住了一半或以下的天空,在整个相应周期内云遮住了一半或以下的天空,-20.1,-7.1,,,2500或更高，或无云。,,,19.0,-17.8,无降水,12,,,,
17.02.2022 08:00,-18.3,675.1,776.0,0.4,80,从北方吹来的风,0,,6,,云量发展情况没有进行观测或无法观测。 ,在整个相应周期内云遮住了一半或以下的天空,在整个相应周期内云遮住了一半或以下的天空,-26.6,-7.1,,,2500或更高，或无云。,,,11.0,-20.9,无降水,12,,,,
17.02.2022 05:00,-18.4,674.7,773.9,-1.1,75,从东南偏东方向吹来的风,0,,,,云量发展情况没有进行观测或无法观测。 ,,,,-7.1,,,2500或更高，或无云。,,,24.0,-21.7,无降水,12,,,,
17.02.2022 02:00,-12.3,675.8,773.8,,55,从东南偏东方向吹来的风,2,,,,云量发展情况没有进行观测或无法观测。 ,在整个相应周期内云遮住了一半或以下的天空,在整个相应周期内云遮住了一半或以下的天空,,-7.1,,,2500或更高，或无云。,,,30.0,-19.5,无降水,12,,,,
16.02.2022 20:00,-16.0,675.8,778.6,,67,从东南偏东方向吹来的风,1,,5,, ,,,,-7.1,,,,,,13.0,-20.7,无降水,6,,,,
16.02.2022 17:00,-8.3,675.4,776.8,,45,从东方吹来的风,3,,,, ,,,-29.7,-7.1,,,,,,30.0,-18.1,无降水,6,,,,
16.02.2022 14:00,-7.5,675.5,776.5,,37,从东南偏东方向吹来的风,2,,4,, ,,,-29.7,-6.2,,,,,,25.0,-19.7,无降水,6,,,,
16.02.2022 11:00,-11.4,677.2,778.3,,41,从西方吹来的风,1,,4,, ,,,-29.7,,,,,,,23.0,-22.0,无降水,6,,,,
16.02.2022 08:00,-26.7,676.2,778.9,,76,无风,0,,,, ,,,-29.7,,,,,,,11.0,-29.7,无降水,6,,,,
16.02.2022 05:00,-28.0,675.7,776.8,,73,从北方吹来的风,1,,5,, ,,,-28.0,-6.2,,,,,,22.0,-31.3,无降水,6,,,,
16.02.2022 02:00,-27.1,675.6,776.5,,73,从北方吹来的风,1,,5,, ,,,-27.4,-6.2,,,,,,12.0,-30.5,无降水,6,,,,
15.02.2022 20:00,-15.3,674.2,776.1,,71,从西方吹来的风,0,,5,,薄雾 ,在整个相应周期内云遮住了一半或以下的天空,在整个相应周期内云遮住了一半或以下的天空,-27.5,-6.2,,,,,,6.0,-19.4,无降水,6,,,,
15.02.2022 17:00,-7.1,673.0,772.3,,49,从南方吹来的风,3,,5,, ,,,-27.5,-6.2,,,,,,11.0,-16.0,无降水,6,,,,
15.02.2022 14:00,-7.2,673.3,773.2,,53,从南方吹来的风,2,,5,,霾 ,在整个相应周期内云遮住了一半或以下的天空,在整个相应周期内云遮住了一半或以下的天空,-27.5,-7.2,,,,,,6.0,-15.2,无降水,6,,,,
15.02.2022 11:00,-9.9,674.5,775.9,,54,从西南方吹来的风,1,,4,, ,,,-27.5,-9.9,,,,,,7.0,-17.5,无降水,6,,,,
15.02.2022 08:00,-24.1,674.5,777.9,,77,从西北方吹来的风,1,,2,,薄雾 ,在整个相应周期内云遮住了一半或以下的天空,在整个相应周期内云遮住了一半或以下的天空,-27.5,,,,,,,7.0,-27.0,无降水,6,,,,
15.02.2022 05:00,-21.2,674.0,774.3,,79,从西北偏西方向吹来的风,2,,,, ,,,-27.5,-10.4,,,,,,8.0,-23.9,无降水,6,,,,
15.02.2022 02:00,-24.1,674.6,775.5,,77,从东北方吹来的风,1,,6,, ,,,-27.5,-10.4,,,,,,11.0,-27.0,无降水,6,,,,
14.02.2022 20:00,-22.1,676.0,778.6,,76,从东北偏东方向吹来的风,0,,8,, ,,,-24.3,-10.4,,,,,,10.0,-25.2,无降水,6,,,,
14.02.2022 17:00,-11.0,675.5,775.6,,46,从南方吹来的风,2,,8,, ,,,-24.3,-2.0,,,,,,20.0,-20.4,无降水,6,,,,
14.02.2022 14:00,-10.7,675.8,775.6,,43,从西北方吹来的风,2,,9,, ,,,-24.3,-1.5,,,,,,30.0,-20.9,无降水,6,,,,
14.02.2022 11:00,-14.8,677.2,777.3,,50,从西北偏西方向吹来的风,3,,10,, ,,,-24.3,,,,,,,27.0,-23.1,无降水,6,,,,
14.02.2022 08:00,-19.7,677.0,777.7,,61,从西北偏北方向吹来的风,4,,10,, ,,,-24.3,,,,,,,30.0,-25.3,无降水,6,,,,
14.02.2022 05:00,-19.3,675.8,774.2,,60,从西北偏西方向吹来的风,3,,15,, ,,,-19.3,-1.5,,,,,,30.0,-25.1,无降水,6,,,,
14.02.2022 02:00,-17.8,675.9,774.4,,57,从西北偏西方向吹来的风,5,,15,, ,,,-17.8,-1.5,,,,,,30.0,-24.3,无降水,6,,,,
13.02.2022 20:00,-12.3,673.7,771.6,,60,从西北方吹来的风,6,,,, ,,,-13.6,-1.5,,,,,,23.0,-18.5,无降水,6,,,,
13.02.2022 17:00,-2.3,669.4,765.0,,69,从西南方吹来的风,4,,7,,霾 ,在整个相应周期内云遮住了一半或以下的天空,在整个相应周期内云遮住了一半或以下的天空,-13.6,-0.1,,,,,,5.0,-7.2,1,6,,,,
13.02.2022 14:00,-4.1,669.3,765.8,,82,从南方吹来的风,2,,5,,雾或冰雾 ,雪或雨夹雪,在整个相应周期内云遮住了一半或以下的天空,-13.6,2.0,,,,,,2.4,-6.7,7,6,,,,
13.02.2022 11:00,-7.3,670.7,767.7,,84,从东方吹来的风,1,,,,间歇性雪，在观测时较弱 ,在整个相应周期内云遮住了一半或以下的天空,在整个相应周期内云遮住了一半或以下的天空,-13.6,2.0,,,,,,1.3,-9.5,8,6,,,,
13.02.2022 08:00,-8.3,670.3,766.4,,88,从东方吹来的风,2,,4,,间歇性雪，在观测时为强度 ,雾或冰雾或强阴霾,在整个相应周期内云遮住了一半或以下的天空,-13.6,2.0,,,,,,0.2,-9.9,3,6,,,,
13.02.2022 05:00,-9.3,671.5,766.9,,86,从西北偏北方向吹来的风,1,,,,间歇性雪，在观测时为中度 ,,,-13.6,2.0,,,,,,0.8,-11.2,0.7,6,,,,
13.02.2022 02:00,-12.6,673.1,769.1,,74,从东北偏北方向吹来的风,1,,6,, ,,,-14.6,2.0,,,,,,24.0,-16.3,无降水,6,,,,
12.02.2022 20:00,-5.9,674.4,770.2,,58,从东方吹来的风,1,,9,, ,,,-14.6,2.0,,,,,,24.0,-13.0,无降水,6,,,,
12.02.2022 17:00,0.0,673.3,768.9,,45,从东方吹来的风,3,,9,, ,,,-14.6,2.6,,,,,,12.0,-10.5,无降水,6,,,,
12.02.2022 14:00,1.2,673.4,769.6,,42,从西北偏西方向吹来的风,3,,9,, ,,,-14.6,3.3,,,,,,14.0,-10.3,无降水,6,,,,
12.02.2022 11:00,-1.4,675.1,771.4,,54,从西北偏北方向吹来的风,4,,9,, ,,,-14.6,3.3,,,,,,14.0,-9.7,无降水,6,,,,
12.02.2022 08:00,-3.5,674.4,770.3,,49,从西方吹来的风,2,,4,, ,,,-14.6,3.3,,,,,,10.0,-12.7,无降水,6,,,,
12.02.2022 05:00,-9.2,673.4,768.6,,66,从东北偏北方向吹来的风,1,,4,, ,,,-16.4,3.3,,,,,,8.0,-14.4,无降水,6,,,,
12.02.2022 02:00,-13.2,674.0,769.9,,70,从东南方吹来的风,1,,4,, ,,,-16.4,3.3,,,,,,8.0,-17.5,无降水,6,,,,
11.02.2022 20:00,-6.6,674.5,772.6,,50,从北方吹来的风,1,,4,, ,,,-16.4,3.3,,,,,,7.0,-15.3,无降水,6,,,,
11.02.2022 17:00,2.6,673.8,770.2,,27,从东南偏东方向吹来的风,2,,4,, ,,,-16.4,3.3,,,,,,11.0,-14.5,无降水,6,,,,
11.02.2022 14:00,3.1,674.5,770.4,,25,从西南偏南方向吹来的风,1,,4,, ,,,-16.4,4.1,,,,,,11.0,-15.0,无降水,6,,,,
11.02.2022 11:00,-1.1,676.5,772.6,,38,从西北偏西方向吹来的风,2,,4,, ,,,-16.4,4.1,,,,,,10.0,-13.9,无降水,6,,,,
11.02.2022 08:00,-13.9,676.3,773.5,,72,从西北偏西方向吹来的风,1,,3,,霾 ,在整个相应周期内云遮住了一半或以下的天空,在整个相应周期内云遮住了一半或以下的天空,-16.4,4.1,,,,,,4.3,-17.9,无降水,6,,,,
11.02.2022 05:00,-15.7,675.4,772.0,,76,从东南偏南方向吹来的风,2,,7,,薄雾 ,,,-17.0,4.1,,,,,,6.0,-19.0,无降水,6,,,,
11.02.2022 02:00,-12.3,674.8,770.8,,62,从西方吹来的风,1,,10,, ,,,-17.0,4.1,,,,,,8.0,-18.1,无降水,6,,,,
10.02.2022 20:00,-1.7,673.6,770.7,,36,从西北偏西方向吹来的风,2,,10,, ,,,-17.0,4.1,,,,,,14.0,-14.8,无降水,6,,,,
10.02.2022 17:00,3.1,672.2,768.3,,23,从西方吹来的风,5,,10,, ,,,-17.0,4.1,,,,,,21.0,-16.0,无降水,6,,,,
10.02.2022 14:00,2.6,672.4,768.7,,28,从西南方吹来的风,3,,6,, ,,,-17.0,2.9,,,,,,13.0,-14.1,无降水,6,,,,
10.02.2022 11:00,-2.1,674.5,771.6,,41,从南方吹来的风,3,,5,,霾 ,在整个相应周期内云遮住了一半或以下的天空,在整个相应周期内云遮住了一半或以下的天空,-17.0,0.2,,,,,,7.0,-13.6,无降水,6,,,,
10.02.2022 08:00,-15.2,674.3,772.8,,81,从西北方吹来的风,1,,3,,薄雾 ,在整个相应周期内云遮住了一半或以下的天空,在整个相应周期内云遮住了一半或以下的天空,-17.0,0.2,,,,,,3.0,-17.7,无降水,6,,,,
10.02.2022 05:00,-15.3,673.6,770.6,,79,从东北偏东方向吹来的风,0,,6,,薄雾 ,,,-16.4,0.2,,,,,,3.8,-18.1,无降水,6,,,,
10.02.2022 02:00,-15.5,673.7,770.7,,84,从西北方吹来的风,1,,8,,薄雾 ,在整个相应周期内云遮住了一半或以下的天空,在整个相应周期内云遮住了一半或以下的天空,-16.4,0.2,,,,,,4.3,-17.6,无降水,6,,,,
09.02.2022 20:00,-7.9,673.3,771.1,,55,从西北偏西方向吹来的风,1,,8,, ,,,-15.8,0.2,,,,,,7.0,-15.4,无降水,6,,,,
09.02.2022 17:00,-0.7,672.1,768.4,,33,从西北偏西方向吹来的风,2,,8,, ,,,-15.8,0.3,,,,,,15.0,-15.0,无降水,6,,,,
09.02.2022 14:00,-0.3,672.6,768.6,,35,从西南偏西方向吹来的风,3,,7,, ,,,-15.8,1.4,,,,,,9.0,-13.9,无降水,6,,,,
09.02.2022 11:00,-3.4,674.8,772.4,,44,从西南方吹来的风,2,,4,, ,,,-15.8,1.4,,,,,,8.0,-13.9,无降水,6,,,,
09.02.2022 08:00,-12.4,675.1,773.4,,61,从西北方吹来的风,1,,3,,霾 ,在整个相应周期内云遮住了一半或以下的天空,在整个相应周期内云遮住了一半或以下的天空,-15.8,,,,,,,5.0,-18.4,无降水,6,,,,
09.02.2022 05:00,-12.7,674.5,771.0,,49,无风,0,,,, ,,,-21.9,1.4,,,,,,16.0,-21.2,无降水,6,,,,
09.02.2022 02:00,-11.5,675.4,771.7,,43,从东北偏北方向吹来的风,1,,5,, ,,,,1.4,,,,,,17.0,-21.6,无降水,6,,,,
08.02.2022 20:00,-9.4,675.8,774.5,,31,从西北偏北方向吹来的风,1,,5,,霾 ,在整个相应周期内云遮住了一半或以下的天空,在整个相应周期内云遮住了一半或以下的天空,,1.4,,,,,,5.0,-23.4,无降水,6,,,,
08.02.2022 17:00,0.3,675.4,773.5,,15,从东南方吹来的风,2,,5,, ,,,-21.9,1.4,,,,,,23.0,-23.3,无降水,6,,,,
08.02.2022 14:00,0.2,676.2,773.8,,14,从西方吹来的风,2,,5,, ,,,-21.9,0.3,,,,,,20.0,-24.2,无降水,6,,,,
08.02.2022 11:00,-4.9,678.4,776.6,,27,从西南方吹来的风,1,,5,, ,,,-21.9,-0.1,,,,,,18.0,-21.0,无降水,6,,,,
08.02.2022 08:00,-13.7,678.1,777.6,,53,从西方吹来的风,3,,4,, ,,,-21.9,,,,,,,30.0,-21.2,无降水,6,,,,
08.02.2022 05:00,-20.6,677.1,775.6,,64,从北方吹来的风,1,,3,, ,,,-21.1,-0.1,,,,,,30.0,-25.6,无降水,6,,,,
08.02.2022 02:00,-17.2,677.6,775.6,,56,从西方吹来的风,1,,4,, ,,,-18.5,-0.1,,,,,,30.0,-23.9,无降水,6,,,,
07.02.2022 20:00,-12.0,676.8,777.1,,29,从东北方吹来的风,2,,5,, ,,,-18.5,-0.1,,,,,,20.0,-26.4,无降水,6,,,,
07.02.2022 17:00,-0.5,675.7,772.8,,15,从西方吹来的风,2,,5,, ,,,-18.5,-0.1,,,,,,30.0,-24.0,无降水,6,,,,
07.02.2022 14:00,-1.3,676.2,773.8,,18,从西方吹来的风,2,,5,, ,,,-18.5,-0.9,,,,,,30.0,-22.6,无降水,6,,,,
07.02.2022 11:00,-4.8,678.0,776.1,,26,从西南方吹来的风,1,,4,, ,,,-18.5,-0.9,,,,,,30.0,-21.4,无降水,6,,,,
07.02.2022 08:00,-18.2,677.7,777.3,,63,从西北偏北方向吹来的风,1,,4,, ,,,-18.5,-0.9,,,,,,30.0,-23.5,无降水,6,,,,
07.02.2022 05:00,-14.8,677.1,774.8,,52,从北方吹来的风,2,,5,, ,,,-16.7,-0.9,,,,,,30.0,-22.5,无降水,6,,,,
07.02.2022 02:00,-16.2,677.4,775.4,,54,从东北偏北方向吹来的风,2,,8,, ,,,-17.2,-0.9,,,,,,21.0,-23.4,无降水,6,,,,
06.02.2022 20:00,-8.2,677.8,776.8,,30,从西方吹来的风,2,,8,, ,,,-17.2,-0.9,,,,,,13.0,-22.7,无降水,6,,,,
06.02.2022 17:00,-2.3,677.5,775.1,,19,从西北方吹来的风,3,,8,, ,,,-17.2,-0.9,,,,,,30.0,-22.8,无降水,6,,,,
06.02.2022 14:00,-2.3,678.4,775.9,,20,从西北偏西方向吹来的风,4,,8,, ,,,-17.2,-2.2,,,,,,30.0,-22.2,无降水,6,,,,
06.02.2022 11:00,-6.6,681.1,779.3,,34,从西北偏西方向吹来的风,3,,6,, ,,,-17.2,-2.7,,,,,,25.0,-19.9,无降水,6,,,,
06.02.2022 08:00,-14.5,681.0,781.4,,59,从西北方吹来的风,2,,5,, ,,,-17.2,,,,,,,20.0,-20.9,无降水,6,,,,
06.02.2022 05:00,-13.7,681.0,779.2,,53,从西方吹来的风,2,,5,, ,,,-17.3,-2.7,,,,,,30.0,-21.2,无降水,6,,,,
06.02.2022 02:00,-12.7,681.4,779.8,,49,从西方吹来的风,2,,5,, ,,,-19.6,-2.7,,,,,,30.0,-21.2,无降水,6,,,,
05.02.2022 20:00,-13.3,680.2,781.0,,46,无风,0,,,, ,,,-19.6,-2.7,,,,,,16.0,-22.5,无降水,6,,,,
05.02.2022 17:00,-3.3,679.9,778.3,,24,从西南方吹来的风,2,,7,, ,,,-19.6,-2.7,,,,,,24.0,-21.0,无降水,6,,,,
05.02.2022 14:00,-4.5,680.9,780.3,,27,从西方吹来的风,2,,7,, ,,,-19.6,-3.9,,,,,,21.0,-20.7,无降水,6,,,,
05.02.2022 11:00,-9.1,682.5,781.9,,40,从西方吹来的风,3,,7,, ,,,-19.6,-3.9,,,,,,30.0,-20.2,无降水,6,,,,
05.02.2022 08:00,-16.4,681.7,781.9,,63,从西南偏西方向吹来的风,3,,6,, ,,,-19.6,-3.9,,,,,,30.0,-21.8,无降水,6,,,,
05.02.2022 05:00,-15.9,680.6,779.6,,58,从西方吹来的风,2,,8,, ,,,-19.6,-3.9,,,,,,30.0,-22.3,无降水,6,,,,
05.02.2022 02:00,-18.2,680.8,780.3,,66,从西方吹来的风,0,,10,, ,,,-19.3,-3.9,,,,,,30.0,-23.0,无降水,6,,,,
04.02.2022 20:00,-9.9,679.9,780.0,,42,从北方吹来的风,3,,10,, ,,,-19.3,-3.9,,,,,,29.0,-20.4,无降水,6,,,,
04.02.2022 17:00,-5.2,678.6,777.4,,26,从西北方吹来的风,4,,10,, ,,,-19.3,-3.9,,,,,,30.0,-21.7,无降水,6,,,,
04.02.2022 14:00,-5.3,679.1,777.4,,25,从西北方吹来的风,5,,10,, ,,,-19.3,-2.1,,,,,,30.0,-22.3,无降水,6,,,,
04.02.2022 11:00,-10.3,680.7,779.9,,37,从西方吹来的风,2,,8,, ,,,-19.3,-2.1,,,,,,30.0,-22.2,无降水,6,,,,
04.02.2022 08:00,-17.5,680.1,780.4,,61,从西方吹来的风,3,,8,, ,,,-19.3,-2.1,,,,,,30.0,-23.2,无降水,6,,,,
04.02.2022 05:00,-16.2,679.1,777.7,,53,从西北方吹来的风,3,,8,, ,,,-19.3,-2.1,,,,,,30.0,-23.6,无降水,6,,,,
04.02.2022 02:00,-13.7,678.8,776.8,,39,从西北方吹来的风,3,,8,, ,,,-20.0,-2.1,,,,,,30.0,-24.7,无降水,6,,,,
03.02.2022 20:00,-10.2,677.5,777.4,,38,从西北方吹来的风,5,,8,, ,,,-20.0,-2.1,,,,,,30.0,-21.8,无降水,6,,,,
03.02.2022 17:00,-3.9,676.0,773.8,,21,从北方吹来的风,4,,8,, ,,,-20.0,-2.1,,,,,,30.0,-23.0,无降水,6,,,,
03.02.2022 14:00,-3.3,676.1,773.5,,18,从西北偏西方向吹来的风,4,,7,, ,,,-20.0,-1.7,,,,,,30.0,-24.3,无降水,6,,,,
03.02.2022 11:00,-6.8,677.7,775.8,,29,从西方吹来的风,3,,6,, ,,,-20.0,-1.7,,,,,,26.0,-21.9,无降水,6,,,,
03.02.2022 08:00,-17.7,677.4,776.8,,60,从东北方吹来的风,1,,6,, ,,,-20.0,-1.7,,,,,,27.0,-23.6,无降水,6,,,,
03.02.2022 05:00,-14.5,676.6,774.1,,50,从西方吹来的风,3,,5,, ,,,-20.0,-1.7,,,,,,29.0,-22.6,无降水,6,,,,
03.02.2022 02:00,-13.1,676.9,774.4,,46,从西方吹来的风,3,,5,, ,,,-18.7,-1.7,,,,,,11.0,-22.3,无降水,6,,,,
02.02.2022 20:00,-8.1,676.9,776.5,,29,从西北方吹来的风,2,,6,, ,,,-19.0,-1.7,,,,,,24.0,-23.0,无降水,6,,,,
02.02.2022 17:00,-2.5,676.2,774.3,,17,从东南偏南方向吹来的风,1,,6,, ,,,-19.0,-1.7,,,,,,27.0,-24.2,无降水,6,,,,
02.02.2022 14:00,-3.0,677.0,774.4,,20,从西北偏西方向吹来的风,2,,6,, ,,,-19.0,-3.0,,,,,,20.0,-22.8,无降水,6,,,,
02.02.2022 11:00,-8.1,679.5,778.3,,29,从西南偏西方向吹来的风,2,,5,, ,,,-19.0,-3.2,,,,,,21.0,-23.0,无降水,6,,,,
02.02.2022 08:00,-18.6,679.1,780.6,,63,从西北偏西方向吹来的风,2,,5,, ,,,-22.5,-3.2,,,,,,16.0,-23.9,无降水,6,,,,
02.02.2022 05:00,-17.5,678.8,777.6,,64,从西北偏西方向吹来的风,2,,5,, ,,,-23.0,-3.2,,,,,,27.0,-22.7,无降水,6,,,,
02.02.2022 02:00,-12.8,679.0,777.0,,43,从西方吹来的风,3,,5,, ,,,-23.0,-3.2,,,,,,30.0,-22.8,无降水,6,,,,
01.02.2022 20:00,-15.8,678.1,780.3,,54,从北方吹来的风,2,,4,,霾 ,在整个相应周期内云遮住了一半或以下的天空,在整个相应周期内云遮住了一半或以下的天空,-23.0,-3.2,,,,,,5.0,-23.0,无降水,6,,,,
01.02.2022 17:00,-3.9,677.5,776.6,,24,从西南偏南方向吹来的风,1,,4,, ,,,-23.0,-3.2,,,,,,13.0,-21.5,无降水,6,,,,
01.02.2022 14:00,-4.7,678.1,777.7,,29,从西南偏南方向吹来的风,2,,4,, ,,,-23.0,-4.7,,,,,,11.0,-20.0,无降水,6,,,,
01.02.2022 11:00,-10.7,680.1,780.3,,41,从西方吹来的风,3,,4,, ,,,-23.0,-5.8,,,,,,28.0,-21.4,无降水,6,,,,
01.02.2022 08:00,-22.4,679.8,781.3,,76,从西北方吹来的风,1,,6,, ,,,-23.0,-5.8,,,,,,16.0,-25.5,无降水,6,,,,
01.02.2022 05:00,-19.8,679.2,779.2,,72,从西方吹来的风,2,,11,, ,,,-23.0,-5.8,,,,,,28.0,-23.6,无降水,6,,,,
01.02.2022 02:00,-21.6,679.0,779.2,,75,从东北偏北方向吹来的风,2,,14,, ,,,-21.9,-5.8,,,,,,10.0,-24.8,无降水,6,,,,
31.01.2022 20:00,-11.9,678.6,778.0,,49,从西北方吹来的风,3,,14,, ,,,-16.7,-5.8,,,,,,30.0,-20.5,无降水,6,,,,
31.01.2022 17:00,-7.0,676.6,774.7,,32,从西北方吹来的风,5,,14,, ,,,-16.7,-4.3,,,,,,30.0,-20.9,无降水,6,,,,
31.01.2022 14:00,-6.4,675.5,773.8,,29,从西北方吹来的风,7,,13,, ,,,-16.7,-0.9,,,,,,30.0,-21.5,无降水,6,,,,
31.01.2022 11:00,-8.3,675.9,774.1,,33,从西北方吹来的风,4,,9,, ,,,-16.7,-0.9,,,,,,30.0,-21.7,无降水,6,,,,
31.01.2022 08:00,-12.9,674.8,773.0,,55,从西方吹来的风,2,,11,, ,,,-18.6,-0.9,,,,,,30.0,-20.1,无降水,6,,,,
31.01.2022 05:00,-12.2,674.4,771.6,,53,从西方吹来的风,3,,,, ,,,-19.9,-0.9,,,,,,30.0,-20.0,无降水,6,,,,
31.01.2022 02:00,-14.5,674.8,772.0,,62,从西南偏西方向吹来的风,2,,16,, ,,,-19.9,-0.9,,,,,,28.0,-20.2,无降水,6,,,,
30.01.2022 20:00,-8.3,674.9,774.3,,43,从西方吹来的风,6,,16,, ,,,-19.9,-0.9,,,,,,25.0,-18.9,无降水,6,,,,
30.01.2022 17:00,-4.2,673.1,771.0,,22,从西北偏西方向吹来的风,9,,16,, ,,,-19.9,-0.2,,,,,,21.0,-22.8,无降水,6,,,,
30.01.2022 14:00,-1.9,671.1,768.3,,56,从东方吹来的风,1,,,,小雪 ,在整个相应周期内云遮住了一半或以下的天空,在整个相应周期内云遮住了一半或以下的天空,-19.9,0.8,,,,,,7.0,-9.5,无降水,6,,,,
30.01.2022 11:00,-4.1,672.5,769.9,,35,从西南偏南方向吹来的风,1,,3,, ,,,-19.9,0.8,,,,,,11.0,-17.3,无降水,6,,,,
30.01.2022 08:00,-18.7,672.9,772.7,,82,从西北偏西方向吹来的风,1,,3,,薄雾 ,在整个相应周期内云遮住了一半或以下的天空,在整个相应周期内云遮住了一半或以下的天空,-21.5,,,,,,,4.6,-21.0,无降水,6,,,,
30.01.2022 05:00,-16.9,672.5,769.6,,75,从西北方吹来的风,1,,3,, ,,,-21.7,0.8,,,,,,9.0,-20.3,无降水,6,,,,
30.01.2022 02:00,-17.0,673.3,770.6,,71,从西北方吹来的风,1,,5,, ,,,-21.7,0.8,,,,,,8.0,-21.0,无降水,6,,,,
29.01.2022 20:00,-12.2,673.5,774.0,,56,从北方吹来的风,2,,6,,霾 ,在整个相应周期内云遮住了一半或以下的天空,在整个相应周期内云遮住了一半或以下的天空,-21.7,0.8,,,,,,5.0,-19.2,无降水,6,,,,
29.01.2022 17:00,-0.1,672.7,770.4,,26,从西南方吹来的风,1,,6,, ,,,-21.7,0.8,,,,,,17.0,-17.3,无降水,6,,,,
29.01.2022 14:00,-0.8,673.5,771.1,,28,从西南方吹来的风,2,,6,, ,,,-21.7,-0.8,,,,,,12.0,-17.1,无降水,6,,,,
29.01.2022 11:00,-5.7,675.6,774.1,,36,从西南方吹来的风,2,,4,, ,,,-21.7,,,,,,,21.0,-18.4,无降水,6,,,,
29.01.2022 08:00,-21.5,675.8,776.8,,78,从西北方吹来的风,1,,3,, ,,,-21.7,,,,,,,8.0,-24.3,无降水,6,,,,
29.01.2022 05:00,-19.9,675.7,774.1,,75,从西北偏北方向吹来的风,1,,4,, ,,,-21.6,-1.1,,,,,,11.0,-23.2,无降水,6,,,,
29.01.2022 02:00,-18.6,676.7,775.3,,74,从北方吹来的风,1,,7,, ,,,-21.6,-1.1,,,,,,12.0,-22.1,无降水,6,,,,
28.01.2022 20:00,-12.5,677.2,777.3,,46,从东北偏东方向吹来的风,1,,7,, ,,,-21.6,-1.1,,,,,,11.0,-21.7,无降水,6,,,,
28.01.2022 17:00,-2.2,676.4,775.3,,22,从北方吹来的风,2,,7,, ,,,-21.6,-1.1,,,,,,30.0,-21.1,无降水,6,,,,
28.01.2022 14:00,-3.2,677.4,776.1,,26,从西南偏西方向吹来的风,3,,6,, ,,,-21.6,-1.9,,,,,,21.0,-20.0,无降水,6,,,,
28.01.2022 11:00,-7.7,679.6,779.2,,36,从西方吹来的风,3,,5,, ,,,-21.6,-1.9,,,,,,18.0,-20.2,无降水,6,,,,
28.01.2022 08:00,-16.7,679.0,779.3,,61,从西北方吹来的风,2,,4,, ,,,-21.6,,,,,,,30.0,-22.5,无降水,6,,,,
28.01.2022 05:00,-21.3,679.3,778.9,,73,从西北偏北方向吹来的风,0,,4,, ,,,-21.4,-1.9,,,,,,30.0,-24.9,无降水,6,,,,
28.01.2022 02:00,-18.8,680.0,779.0,,73,从北方吹来的风,1,,6,, ,,,-20.9,-1.9,,,,,,26.0,-22.4,无降水,6,,,,
27.01.2022 20:00,-12.4,679.3,780.5,,49,从西北偏西方向吹来的风,1,,8,, ,,,-20.9,-1.9,,,,,,27.0,-20.9,无降水,6,,,,
27.01.2022 17:00,-3.5,678.4,777.3,,23,从北方吹来的风,3,,8,, ,,,-20.9,-1.9,,,,,,30.0,-21.7,无降水,6,,,,
27.01.2022 14:00,-2.9,678.1,776.5,,27,从西北偏西方向吹来的风,3,,8,, ,,,-20.9,-1.8,,,,,,30.0,-19.3,无降水,6,,,,
27.01.2022 11:00,-8.3,680.0,779.2,,38,从西方吹来的风,1,,3,, ,,,-20.9,-1.8,,,,,,30.0,-20.1,无降水,6,,,,
27.01.2022 08:00,-20.6,679.9,781.2,,79,从西北方吹来的风,1,,4,, ,,,-20.9,,,,,,,21.0,-23.3,无降水,6,,,,
27.01.2022 05:00,-18.8,679.0,778.0,,79,从西北方吹来的风,1,,4,, ,,,-19.6,-1.8,,,,,,27.0,-21.5,无降水,6,,,,
27.01.2022 02:00,-16.8,678.9,777.3,,73,从北方吹来的风,2,,5,, ,,,-18.1,-1.8,,,,,,22.0,-20.5,无降水,6,,,,
